sentence,dialect ,diction_label
Ala eh baka gabihin tayo sa daan nito.  ,Batangas,
Saan ga banda rito ang terminal ng dyip?  ,Batangas,
Dine muna kayo habang wala pa sila.  ,Batangas,
Mabanas pala sa palengke kapag ganitong tanghali.  ,Batangas,
Nakain mo na ba ang merienda na iniwan ko?  ,Batangas,
Liban muna tayo sa maingay na lugar na iyan.  ,Batangas,
Ala eh parang traffic na naman sa bayan ngayon.  ,Batangas,
Sige ga umalis na tayo habang maaga pa.  ,Batangas,
Dine muna ang payong mo at baka mawala.  ,Batangas,
Mabanas sa loob ng jeep kapag siksikan talaga.  ,Batangas,
Parine ka muna at may sasabihin ako sa iyo.  ,Batangas,
Saan ga tayo kakain ng lomi mamaya?  ,Batangas,
Ala eh ang ganda naman ng gising mo ngayon.  ,Batangas,
Dine muna tayo habang naghihintay sa kanilang pagdating.  ,Batangas,
Nakain na ba ng bata ang kanyang almusal?  ,Batangas,
Ala eh naiiyak ako sa sobrang tuwa sa balita!  ,Batangas,
Ba ga hindi mo man lang naisip ang mararamdaman ko?  ,Batangas,
Nabanasan ako at napuno na ang salop ko sa galit!  ,Batangas,
Ala eh napakasakit naman ng binitawan mong salita dine.  ,Batangas,
Bakit ga laging ako na lang ang nakikita mong nagkakamali?  ,Batangas,
Nalulungkot ako dahil umalis ga sila nang walang paalam.  ,Batangas,
Ala eh parang guguho ang mondo ko sa nangyari.  ,Batangas,
Ba ga ayaw mo na talaga akong paniwalaan dine?  ,Batangas,
Naiinis ako kapag pinagbubuntunan mo ako ng galit mo!  ,Batangas,
Ala eh huwag mo naman akong tiisin nang ganito.  ,Batangas,
Naliligalig ang loob ko habang naulan nang malakas.  ,Batangas,
Ba ga hindi ka pa nakokontento sa ginawa mo?  ,Batangas,
Ala eh.  ,Batangas,
Saan ga?  ,Batangas,
Dine lang.  ,Batangas,
Mabanas eh.  ,Batangas,
Nakain na.  ,Batangas,
Liban muna.  ,Batangas,
Parine ka.  ,Batangas,
Ba ga?  ,Batangas,
Naulan na.  ,Batangas,
Namasada ga?  ,Batangas,
Nasulat na.  ,Batangas,
Ala eh napakahaba na naman ng pila sa lilihan sa may gitna ng bayan kaya siguradong maiipit tayo sa matinding trapik.  ,Batangas,
Saan ga tayo makakakuha ng libreng kuryente at tubig dine sa bagong lipat na pasilidad ng aming unibersidad?  ,Batangas,
Dine ka na matulog sa kwarto ni kuya dahil gabi na at masama ang panahon dahil sa lakas ng ulan.  ,Batangas,
Mabanas kapag siksikan ang mga pasahero sa loob ng dyip tapos ay nakasara pa ang lahat ng mga bintana rito.  ,Batangas,
Nakain ka na ba ga ng mainit na suman magat pagkatapos mong uminom ng barakong kape kaninang madaling araw?  ,Batangas,
Liban muna tayo sa pamamasyal ngayong katapusan ng linggo dahil kailangan nating mag-aral para sa darating na mahabang pagsusulit.  ,Batangas,
Parine ka bilis at baka ka maiwan ng huling biyahe ng sasakyan patungong lipa ngayong hapon.  ,Batangas,
Magkano ga ang pamasahe papuntang bayan kapag may kasamang dalawang malalaking kahon ng mga sariwang gulay dine?  ,Batangas,
Namasada ga ang tiyuhin mo ngayong araw kahit na may nararamdaman siyang masama sa kanyang katawan kanina?  ,Batangas,
Nasunod ga kayo sa mga alituntunin na ipinatupad ng pamunuan ng ating barangay para sa kaligtasan ng lahat?  ,Batangas,
Nagawa ga kayo ng proyekto ninyo sa kompyuter kahit na walang kuryente sa buong barangay kagabi?  ,Batangas,
Ala eh napakabait naman ng batang iyan kaya naman madaming nagmamahal sa kanya dine sa amin.  ,Batangas,
Ala eh aba!  ,Batangas,
"Ay, ba ga!  ",Batangas,
Anak ng tinapa naman eh!  ,Batangas,
"Aba, dine pala!  ",Batangas,
Hala ga!  ,Batangas,
"Ay, mabanas!  ",Batangas,
Aba eh ewan!  ,Batangas,
"Ay, nakain na!  ",Batangas,
Hala eh bakit?  ,Batangas,
"Aba, parine ka!  ",Batangas,
"Ay, nasunog ga!  ",Batangas,
"Aba, liban muna!  ",Batangas,
Parine ka at tulungan mo akong magbuhat ng mga kahon dine.  ,Batangas,
Liban muna kayo sa usapan na iyan habang wala pa si kapitan.  ,Batangas,
Iwan mo dine ang bisikleta mo sa tapat ng tindahan.  ,Batangas,
Itaas mo ga ang kamay mo para makita ka niya.  ,Batangas,
Isulat mo dine ang pangalan ng lahat ng dumating ngayon.  ,Batangas,
Bilisan mo ga ang paglakad at baka tayo mapag-iwanan.  ,Batangas,
Dalhin mo parine ang mga basong nabasag sa kusina.  ,Batangas,
Tingnan mo ga kung may natira pang lomi sa palayok.  ,Batangas,
Isara mo dine ang pinto para hindi pumasok ang lamok.  ,Batangas,
Ikuha mo ga ng mainit na tubig ang lolo mo.  ,Batangas,
Pakinggan mo ga ang sinasabi ng iyong mga magulang.  ,Batangas,
Iligpit mo dine ang mga kalat pagkatapos mong kumain.  ,Batangas,
Namasada ang aking tiyuhin kaninang umaga at nakita niya ang prusisyon na dumaan sa may tulay ng bayan habang naulan.  ,Batangas,
Noong bata pa ako ay madalas kaming maligo sa ilog kapag nakatapos na kaming mag-aral ng aming mga aralin.  ,Batangas,
Naligaw sila kagabi dahil hindi nila alam kung saan ga dadaan ang tamang sakayan patungong lipa.  ,Batangas,
Nagising ako nang napakaaga dahil nabanasan ako sa loob ng aking silid dahil nawalan pala ng kuryente.  ,Batangas,
Pumunta kami sa bayan para bumili ng mga sariwang sangkap para sa lulutuing ulam ni nanay ngayong gabi.  ,Batangas,
Nakita ko silang nag-uusap dine sa tapat ng aming pintuan tungkol sa nawawalang pitaka ng kapitan.  ,Batangas,
Gumawa kami ng malaking proyekto para sa paaralan gamit ang mga lumang materyales na nakuha namin sa bodega.  ,Batangas,
Dumaan ang tsuper ng dyip sa shortcut para makaiwas sa mahabang trapik na dulot ng ginagawang kalsada.  ,Batangas,
Nakinig kami sa balita sa radyo habang kumakain ng masarap na suman kasama ang buong pamilya.  ,Batangas,
Natapos din namin ang pag-aayos ng mga halaman sa hardin bago pa man magsimulang umulan nang malakas.  ,Batangas,
Naabutan namin silang nagtatawanan sa may terminal habang naghihintay ng susunod na biyahe.  ,Batangas,
Iniwan niya ang kanyang mga tsinelas dine sa may baitang ng hagdanan bago siya pumasok sa kwarto.  ,Batangas,
Sino ga ang kasama mong umuwi kagabi mula sa paaralan?  ,Batangas,
Bakit ga hindi sila sumasagot sa mga tawag natin ngayon?  ,Batangas,
Magkano ga ang bayad dine sa dyip kapag mag-aaral?  ,Batangas,
Narinig mo ba ga ang malakas na hiyaw sa labas?  ,Batangas,
Saan ga dadaan ang sasakyan ninyo mamayang gabi?  ,Batangas,
Nabili ka na ba ga ng bagong damit para sa pista?  ,Batangas,
Anong oras ga tayo aalis patungong palengke ng bayan?  ,Batangas,
Nasabi mo na ga kay kapitan ang tungkol sa problema?  ,Batangas,
Nakitang ga ninyo ang aking itim na pitaka sa mesa?  ,Batangas,
Bakit ga parang galit ka na naman sa akin ngayon?  ,Batangas,
Nasubukan mo na ba ga ang sumakay sa mailap na kabayo?  ,Batangas,
Saan ga tayo makakahanap ng masarap na lomi dine?  ,Batangas,
"Huwag ka ngang mag-inarte diyan, buwaya naman ang pwesto mo.  ",Batangas,
Natuka na naman ng kamalasan ang tropa natin kagabi ah.  ,Batangas,
Tubong-lugaw ang kita nila sa pagbebenta ng lomi ngayon.  ,Batangas,
"Huwag mo akong ma-bola, kilala ko ang galaw mo dine.  ",Batangas,
Sawsaw na naman siya sa usapan kahit hindi naman kausap.  ,Batangas,
Naka-jackpot ang tsuper dahil madami ang pasahero kanina.  ,Batangas,
Huwag kang pabebe riyan at kumain ka na dine.  ,Batangas,
Sablay ang banat niya kaya natawa ang mga tao.  ,Batangas,
Naka-iskor na naman ng libreng merienda ang katabi ko.  ,Batangas,
Huwag mong dadaanin sa tsamba ang pagsusulit mo bukas.  ,Batangas,
Gatasan na naman ng pera ang proyektong iyan kung ituloy.  ,Batangas,
Naloka ako sa presyo ng mga bilihin sa bayan.  ,Batangas,
"Ala eh, ang totoo niyan, hindi ko naman talaga alam.  ",Batangas,
"Bali, dine muna tayo magpalipas ng oras habang naghihintay.  ",Batangas,
" bale, anong oras ga talaga ang tamang alis natin?  ",Batangas,
"Ano, parang mabanas ang panahon kaya masarap mag-ice cream.  ",Batangas,
"ale, parang pamilyar sa akin ang mukha ng kasama mo.  ",Batangas,
" bali, liban muna ako sa klase dahil masama ang pakiramdam.  ",Batangas,
"Ano, saan ga tayo kukuha ng karagdagang pondo ngayon?  ",Batangas,
 baka naman pwedeng dine mo na lang iwan iyan.  ,Batangas,
" bale, nasulat ka na ga ng iyong ulat ngayon?  ",Batangas,
 parang masama ang panahon kaya huwag na umalis.  ,Batangas,
" bale, nagawa ga kayo ng takdang-aralin ninyo kagabi?  ",Batangas,
 parang nahihirapan akong magbuhat nitong kahon dine.  ,Batangas,
Mag-log in ka muna sa system bago ka mag-encode dine.  ,Batangas,
I-check mo ga kung online na si ma'am sa chat.  ,Batangas,
Naka-receive ako ng text mula sa opisina ng dean kanina.  ,Batangas,
I-print mo dine ang hard copy ng ating research abstract.  ,Batangas,
Naka-save ba ga sa flash drive ang presentation mo?  ,Batangas,
Mag-download ka muna ng file bago ka mag-update dine.  ,Batangas,
Naka-block ang website kapag ginamit mo ang wifi rito.  ,Batangas,
I-forward mo ga sa email ko ang soft copy ng report.  ,Batangas,
Naka-schedule ang exam natin sa thursday ayon kay ma'am.  ,Batangas,
I-cancel mo ga ang booking natin dahil naulan nang malakas.  ,Batangas,
Naka-post sa facebook group ang mga kailangan nating dalhin.  ,Batangas,
I-verify mo muna dine sa app kung pumasok ang payment.  ,Batangas,
Dito muna ako maghihintay sa tapat ng plasa.  ,Laguna,
Saan ba kayo galing kaninang madaling araw?  ,Laguna,
Kumain ka na ba ng tanghalian sa karinderya?  ,Laguna,
Parang mahaba ang pila ng sasakyan ngayon sa highway.  ,Laguna,
Hintayin muna natin si ate bago tayo umalis.  ,Laguna,
Masarap ang simoy ng hangin dito sa may tabing-lawa.  ,Laguna,
Dito tayo sa may lilim ng puno mag-usap.  ,Laguna,
Ang dami palang tao rito tuwing sumasapit ang hapon.  ,Laguna,
Parang mahuhuli tayo sa byahe kapag hindi tayo nagmadali.  ,Laguna,
Mag-ingat kayo sa daan pabalik sa inyong bahay.  ,Laguna,
Tara muna sa tindahan para bumili ng malamig na inumin.  ,Laguna,
Ang init pala sa labas ngayon kaya masarap magpalamig.  ,Laguna,
Hintayin mo ako sandali at may kukunin lang ako.  ,Laguna,
Masarap ang pagkain dito sa bagong bukas na kainan.  ,Laguna,
Dito muna tayo bago umalis patungong unibersidad.  ,Laguna,
Nalulungkot talaga ako dahil hindi ko naabutan si nanay sa bahay kanina.  ,Laguna,
Sobra ang kaba ko habang naghihintay ng resulta ng aking pagsusulit.  ,Laguna,
Naiiyak ako sa tuwa dahil natapos din natin ang mahirap na proyekto.  ,Laguna,
Natatakot ako kapag gabi na at wala pa ring masakyang dyip sa kanto.  ,Laguna,
Napakasakit isipin na hindi nila pinahalagahan ang tulong na ibinigay natin.  ,Laguna,
Nagalit si tatay dahil nakalimutan kong painumin ng gamot ang lolo.  ,Laguna,
Nanghihinayang ako sa pagkakataon na makasama kayo sa pamamasyal kagabi.  ,Laguna,
Natutuwa ako dahil naging matagumpay ang programa ng ating pamunuan.  ,Laguna,
Naiinis ako kapag matagal akong naghihintay sa initan dito sa labas.  ,Laguna,
Napakasaya ng buong pamilya noong dumating ang mga pasalubong mula sa malayo.  ,Laguna,
Nalilito ako kung aling kurso ang dapat kong piliin para sa aking kinabukasan.  ,Laguna,
Nangangamba ako na baka bahain na naman ang daan papunta sa amin.  ,Laguna,
Dito muna.  ,Laguna,
Saan ba?  ,Laguna,
Kumain na.  ,Laguna,
Mahaba pila.  ,Laguna,
Hintayin sila.  ,Laguna,
Masarap hangin.  ,Laguna,
Dito tayo.  ,Laguna,
Maraming tao.  ,Laguna,
Huli na.  ,Laguna,
Mag-ingat kayo.  ,Laguna,
Tara muna.  ,Laguna,
Mainit ngayon.  ,Laguna,
Dito raw tayo magkikita sa tapat ng plasa para sabay-sabay na tayong sumakay papunta sa aming unibersidad.  ,Laguna,
Saan ba pwedeng bumili ng masarap at bagong lutong buko pie na pwedeng dalhing pasalubong sa aking pamilya?  ,Laguna,
Kumain ka na ba bago ka bumiyahe pabalik dito sa bayan para hindi ka gutumin sa daan mamaya?  ,Laguna,
Parang lumalaki ang tubig sa lawa ngayon dahil sa walang tigil na pagbuhos ng malakas na ulan kagabi.  ,Laguna,
Hintayin muna natin ang hudyat ng pamunuan bago natin simulan ang pamamahagi ng mga tulong sa mga residente.  ,Laguna,
Masarap mamasyal sa Nuvali kapag hapon dahil hindi na masyadong matindi ang sikat ng araw at presko ang hangin.  ,Laguna,
Dito na natin hintayin ang mga kasama natin para hindi na tayo magkahiwa-hiwalay pa pagpasok sa loob ng mall.  ,Laguna,
Ang init naman sa loob ng terminal na ito kaya naman madami sa mga pasahero ang lumalabas muna.  ,Laguna,
Parang may bagyong darating batay sa mga huling balita na narinig ko sa radyo kaninang madaling araw.  ,Laguna,
Hintayin mo na lang ako sa may paradahan ng mga traysikel sa tapat ng lumang palengke ng bayan.  ,Laguna,
Dito na natin simulan ang pagpupulong natin para matapos tayo nang maaga at makauwi na ang lahat sa bahay.  ,Laguna,
Saan ba banda ang opisina ng munisipyo rito para maituro ko sa aking mga kasama ang tamang daan?  ,Laguna,
"Aba, dito pala!  ",Laguna,
"Hala, uulan yata!  ",Laguna,
"Ay, sarado na!  ",Laguna,
"Naku, ang trapik!  ",Laguna,
"Wow, ang ganda!  ",Laguna,
"Ay, salamat naman!  ",Laguna,
"Hala, nawawala yata!  ",Laguna,
Naku naman o!  ,Laguna,
"Aba, maaga ngayon!  ",Laguna,
"Ay, nabasag pala!  ",Laguna,
"Hala, bilisan mo!  ",Laguna,
"Wow, sarap nito!  ",Laguna,
Hintayin mo na lang ako sa may paradahan ng sasakyan mamaya.  ,Laguna,
Dito mo ilagay ang mga pinamili nating prutas mula sa palengke.  ,Laguna,
Saan ba pwedeng mag-park ng sasakyan kaya maghanap ka ng pwesto.  ,Laguna,
Kumain ka na ng hapunan bago ka magsimula mag-aral ng leksyon.  ,Laguna,
Mag-ingat kayo sa pagtawid sa riles ng tren tuwing gabi.  ,Laguna,
Tara muna sa may karinderya sa kanto para kumain ng meryenda.  ,Laguna,
Ipaling mo ang sasakyan sa kanang bahagi ng kalsada para makadaan sila.  ,Laguna,
Tawagan mo si nanay para malaman kung nasaan na siya ngayon.  ,Laguna,
Ihanda mo ang mga papeles na kailangan para sa pag-asikaso bukas.  ,Laguna,
Isara mo ang bintana dahil pumasok ang singaw ng init sa labas.  ,Laguna,
Ilista mo ang pangalan ng mga dumalo sa seminar ngayong hapon.  ,Laguna,
Iwan mo ang susi sa tapat ng pintuan bago ka umalis.  ,Laguna,
Pumunta kami sa Liliw noong nakaraang linggo para bumili ng mga murang sapatos na gagamitin ko sa aking pagpasok sa paaralan.  ,Laguna,
Nakita ko ang paglaki ng tubig sa lawa habang kami ay sumasakay sa bangka patungong kabilang bayan kaninang umaga.  ,Laguna,
Nagtipon-tipon ang mga mag-aaral sa covered court para sa gaganaping patimpalak sa darating na buwan ng wika.  ,Laguna,
Dinala ni tatay ang sasakyan sa talyer dahil may kakaibang tunog kaming naririnig tuwing dadaan sa bako-bakong daan.  ,Laguna,
Bumili si nanay ng sariwang isda sa palengke ng Sta Rosa para sa aming hapunan kasama ang buong pamilya.  ,Laguna,
Naglakad kami sa may pilapil habang pinapanood ang magandang sikat ng araw na sumisikat sa likod ng mga kabundukan.  ,Laguna,
Natapos namin ang pag-aayos ng mga dokumento sa munisipyo pagkatapos ng ilang oras na paghihintay sa mahabang pila.  ,Laguna,
Dumaan ang traysikel sa gilid ng riles para makaiwas sa matinding trapik na dulot ng aksidente sa main highway.  ,Laguna,
Uminom si lolo ng kanyang gamot pagkatapos kumain ng masarap na almusal na inihanda ng aking bunsong kapatid.  ,Laguna,
Nagkita-kita ang magkakaibigan sa tapat ng simbahan bago sila tuluyang pumunta sa falls para magpalamig ngayong weekend.  ,Laguna,
Nakinig ang lahat sa paliwanag ng manager tungkol sa mga bagong patakaran na ipatutupad sa loob ng opisina.  ,Laguna,
Iniwan niya ang kanyang payong sa may lobby ng gusali dahil nakalimutan niya itong kunin pagkatapos ng ulan.  ,Laguna,
Saan ba banda rito ang terminal ng bus papuntang Maynila?  ,Laguna,
Kumain ka na ba ng meryenda bago ka pumasok sa klase?  ,Laguna,
Saan ba makakahanap ng murang paupahan na malapit sa unibersidad?  ,Laguna,
Kumusta ang byahe mo mula sa probinsya patungo dito sa bayan?  ,Laguna,
Parang uulan ba nang malakas mamaya batay sa kulay ng ulap?  ,Laguna,
Saan ba ang sakayan ng traysikel papunta sa munisipyo?  ,Laguna,
Kumain na ba si tatay ng kanyang gamot para sa alta-presyon?  ,Laguna,
Saan ba pwede mag-park ng sasakyan na ligtas at walang bayad?  ,Laguna,
Kumain na ba ang mga bisita sa itaas ng bahay natin?  ,Laguna,
Saan ba ang bagsakan ng mga sariwang gulay dito sa palengke?  ,Laguna,
Kumain na ba ang lahat bago tayo magsimula sa ating paglalakbay?  ,Laguna,
Saan ba banda ang opisina ng kapitan dito sa inyong barangay?  ,Laguna,
"Huwag kang pampam sa harap ng mga bisita, nakakahiya naman.  ",Laguna,
Naka-tsamba na naman siya sa huling tanong sa pagsusulit kanina.  ,Laguna,
"Huwag mo akong ma-drama rito, alam ko ang totoong nangyari.  ",Laguna,
Naka-iskor kami ng murang sapatos doon sa may tindahan sa kanto.  ,Laguna,
Huwag kang jologs kung pumorma kapag pupunta sa pormal na okasyon.  ,Laguna,
Naka-jackpot ang tindera dahil naubos agad ang kanyang mga paninda.  ,Laguna,
"Huwag kang praning diyan, ligtas naman ang lugar na ito tuwing gabi.  ",Laguna,
Naka-benta sila ng madaming buko pie dahil sa dami ng turista.  ,Laguna,
Huwag mo akong ma-bwisit ngayon dahil madami akong ginagawa rito.  ,Laguna,
Naka-score ng mataas na marka ang aking kaklase sa mahirap na exam.  ,Laguna,
Huwag kang umasta na parang boss kung bago ka pa lang dito.  ,Laguna,
Naka-freebie kami ng masarap na tsokolate galing doon sa may ari.  ,Laguna,
" bale, dito muna tayo maghihintay sa tapat ng plasa.  ",Laguna,
 parang mahaba ang pila ng mga sasakyan ngayon sa daan.  ,Laguna,
" ano, saan ba talaga ang tamang daan patungo sa inyo?  ",Laguna,
" kumbaga, hintayin muna natin si kuya bago tayo magdesisyon.  ",Laguna,
 parang uulan na naman nang malakas mamayang hapon.  ,Laguna,
" kumbaga, dito na natin simulan ang pag-aayos ng mga gamit.  ",Laguna,
" bale, kumain na ba ang lahat bago tayo tuluyang umalis?  ",Laguna,
 parang matatagalan tayo rito sa loob ng munisipyo ngayon.  ,Laguna,
" ano, hintayin na lang natin ang susunod na abiso mula sa kanila.  ",Laguna,
" kumbaga, masarap ang timpla ng kape rito sa may karinderya.  ",Laguna,
" bale, saan ba banda ang sakayan papuntang SM Sta Rosa?  ",Laguna,
 parang masikip ang daan papunta roon sa may lumang tulay.  ,Laguna,
Mag-log in ka muna sa portal ng unibersidad para makita mo ang grades.  ,Laguna,
I-check mo kung available pa ang schedule ng bus papuntang Lucena.  ,Laguna,
Naka-receive ako ng email mula sa HR tungkol sa aking application.  ,Laguna,
I-print mo ang soft copy ng ating research paper para sa validation.  ,Laguna,
Naka-save ba sa Google Drive ang lahat ng mga files natin?  ,Laguna,
Mag-download ka muna ng application form bago ka pumunta sa opisina.  ,Laguna,
Naka-block ang signal ng wifi kapag nandoon ka sa may basement.  ,Laguna,
I-forward mo sa messenger ko ang screenshot ng resibo ng bayad.  ,Laguna,
Naka-schedule ang meeting natin sa Friday kasama ang buong team.  ,Laguna,
I-cancel mo ang order natin dahil matatagalan daw ang delivery nito.  ,Laguna,
Naka-post sa bulletin board ang mga pangalan ng mga nakapasa.  ,Laguna,
I-verify mo muna sa system kung pumasok na ang bayad ng customer.  ,Laguna,
Tsibog na tayo mga tol habang mainit pa ang ulam.  ,Cavite,
Pre ang lupet ng laban sa basketball kanina sa court.  ,Cavite,
Sandale lang at magbibihis lang ako ng mabilis.  ,Cavite,
Astig ng bagong kotse na binili ng kapitbahay natin.  ,Cavite,
Tara na at baka ma-late tayo sa unang klase bukas.  ,Cavite,
Ang ingay sa highway ngayon dahil sa mga dumadaang motor.  ,Cavite,
Chibog muna bago bumiyahe patungong malayong probinsya.  ,Cavite,
Pre saan tayo tambay mamaya pagkatapos ng ating klase?  ,Cavite,
Sandale lang at tatawag lang ako kay kuya saglit.  ,Cavite,
Astig ng bagong motor niya na kulay itim.  ,Cavite,
Ang lupet ng tugtog kagabi doon sa may discohan.  ,Cavite,
Tara tsibog pagkatapos ng klase natin sa hapon.  ,Cavite,
Pre sobrang traffic kanina sa may aguinaldo highway.  ,Cavite,
Sandale lang at kukunin ko lang ang aking mga gamit.  ,Cavite,
Astig ng view dito sa may overlooking sa Tagaytay.  ,Cavite,
"Naiiyak ako sa lupet ng kanta, parang tagos sa puso ko talaga pre.  ",Cavite,
Sobrang bwisit ko kanina dahil na-late ako sa klase dahil sa traffic!  ,Cavite,
"Natatakot ako tol, baka hindi ko maipasa itong mahirap na subject.  ",Cavite,
Napakasakit sa damdamin na makitang biglang nasira ang pinaghirapan nating proyekto.  ,Cavite,
"Nagalit si kapitan pre, sobrang ingay daw kasi ng tambay sa labas.  ",Cavite,
Natutuwa ako tol dahil sa wakas ay nakuha ko na ang aking allowance.  ,Cavite,
"Nanghihinayang ako sa natirang tsibog kagabi, nasira lang sa mesa.  ",Cavite,
Nalilito ako pre kung paano ko sisimulan itong report ko sa computer.  ,Cavite,
Napakasaya ng buong tropa noong manalo tayo sa liga kaninang umaga.  ,Cavite,
Naiinis ako tol kapag hindi sumasagot sa text ang kagrupo natin.  ,Cavite,
Nangangamba ako na baka hindi tayo umabot sa takdang oras ng pasahan.  ,Cavite,
"Sobrang gulo ng isip ko ngayon pre, dami kong iniisip na problema.  ",Cavite,
Tsibog na.  ,Cavite,
"Pre, saan?  ",Cavite,
Sandale lang.  ,Cavite,
Astig tol!  ,Cavite,
Lupet niyan!  ,Cavite,
Tara na.  ,Cavite,
Ingay dito.  ,Cavite,
Chibog muna.  ,Cavite,
Traffic pre.  ,Cavite,
Gabi na.  ,Cavite,
Late na.  ,Cavite,
Tropa pre.  ,Cavite,
Pre pabalot naman nung natirang tsibog natin doon sa may sikat na kainan para pwedeng meryendahin mamayang gabi.  ,Cavite,
Ang lupet talaga ng porma ng sasakyan mo ngayon lalo na at bagong palit ang mga gulong at pintura nito.  ,Cavite,
"Sandale lang pre, huwag mo muna akong iwan dito sa madilim na eskinita habang hinahanap ko pa ang aking susi.  ",Cavite,
"Astig ng tugtugan sa disco kagabi ah, madaming tao ang nagsayawan hanggang sa sumapit ang madaling araw sa bayan.  ",Cavite,
Tara na tol at baka abutan tayo ng malakas na ulan dito sa daan at wala pa naman tayong dalang dalawang payong.  ,Cavite,
Ang ingay ng mga tricycle sa labas ngayon kaya naman hindi ko marinig nang maayos ang sinasabi ng aking guro sa telepono.  ,Cavite,
Chibog muna tayo sa tabi-tabi bago umuwi para naman hindi tayo gutumin habang nakatambay sa may terminal mamaya.  ,Cavite,
Pre malapit na ba mag-umpisa ang palabas sa may covered court para makahanap na tayo ng magandang pwesto sa unahan?  ,Cavite,
"Sandale lang tol, hinahanap ko pa ang aking itim na pitaka sa loob ng aking napakalaking bag na madaming laman.  ",Cavite,
"Astig ng sapatos ng katabi ko kanina sa jeep, parang mamahalin ang tatak at napakakintab pa ng pagkakalinis nito.  ",Cavite,
Ang lupet ng bagsakan ng lyrics sa kanta ng bagong banda na napanood natin sa may plasa noong nakaraang sabado.  ,Cavite,
Tara tsibog tayo dun sa may bagong kainan sa tabi ng unibersidad dahil balita ko ay napakamura ng kanilang mga pagkain.  ,Cavite,
"Pre, astig!  ",Cavite,
"Tol, lupet!  ",Cavite,
"Ay, chibog na!  ",Cavite,
"Hala, sandale!  ",Cavite,
"Naku pre, traffic!  ",Cavite,
"Wow, astig nito!  ",Cavite,
"Ay, sablay tol!  ",Cavite,
"Hala, late na!  ",Cavite,
"Naku, ang ingay!  ",Cavite,
"Aba pre, porma ah!  ",Cavite,
"Ay, pabalot tol!  ",Cavite,
"Wow, lupet ng kotse!  ",Cavite,
Bilisan mo ang tsibog at may klase pa tayo mamayang ala-una ng hapon.  ,Cavite,
Pre pabalot naman nung natirang pagkain natin sa mesa bago tayo umalis.  ,Cavite,
"Sandale lang tol, tingnan mo muna kung dumarating na ang tsuper ng dyip.  ",Cavite,
Tara na tol at baka masarhan tayo ng gate ng unibersidad ngayon.  ,Cavite,
Isara mo ang pinto dahil sobrang ingay ng mga sasakyan sa highway.  ,Cavite,
Tawagan mo ang tropa para malaman mo kung nasaan silang lahat nakatambay.  ,Cavite,
Maghangap ka ng daan papunta roon para makaiwas tayo sa mahabang traffic.  ,Cavite,
Dalhin mo ang jacket mo dahil malamig ang simoy ng hangin sa gabi.  ,Cavite,
Ihanda mo ang sasakyan natin dahil may bibilhin lang tayo sa imus.  ,Cavite,
Ilista mo ang mga kailangan nating bilhing sangkap para sa tsibog mamaya.  ,Cavite,
Huwag mong iiwan ang mga gamit mo sa tabi-tabi at baka mawala.  ,Cavite,
Bilisan mo ang pag-aayos ng computer para magamit na natin sa laro.  ,Cavite,
Pumunta kami sa may dasma kagabi para manood ng sikat na banda kasama ang buong tropa ko mula sa paaralan.  ,Cavite,
Nakita ko ang mahabang pila sa sakayan ng bus kaninang umaga kaya naman napilitan akong mag-traysikel na lang.  ,Cavite,
Nag-ensayo kami ng sayaw sa covered court para sa gaganaping kompetisyon sa darating na linggo ng wika.  ,Cavite,
Bumili si kuya ng bagong sapatos sa mall at sobrang astig ng porma nito nang isuot niya kanina.  ,Cavite,
Nagtsibog kami ng mainit na lugaw sa may kanto dahil biglang bumuhos ang malakas na ulan ngayong hapon.  ,Cavite,
Dumaan ang sasakyan namin sa shortcut sa aguinaldo highway para hindi kami maabutan ng matinding traffic sa daan.  ,Cavite,
Natapos din namin ang paggawa ng report sa computer pagkatapos ng ilang oras na pagpupuyat sa kwarto.  ,Cavite,
Nakinig ang buong tropa sa kwento ng lolo tungkol sa mga lumang bahay na may multo rito sa amin.  ,Cavite,
Nagkita-kita kami sa may plasa bago kami tuluyang pumunta sa may kainan para mag-celebrate ng birthday niya.  ,Cavite,
Iniwan niya ang kanyang jacket sa loob ng locker dahil nakalimutan niya itong dalhin pag-uwi kagabi.  ,Cavite,
Nirestohan namin ang bagong bukas na tambayan sa may tabi ng dagat at napakaganda ng tanawin doon.  ,Cavite,
Nawalan ng kuryente sa buong barangay kaya naman napilitan kaming lumabas muna ng bahay para magpalamig.  ,Cavite,
Pre saan ba ang daan papunta sa may sikat na kainan dito sa bayan?  ,Cavite,
"Sandale lang pre, malapit na ba mag-umpisa ang laro sa court?  ",Cavite,
Pre malapit na ba tayo sa may dulo ng mahabang pila na ito?  ,Cavite,
Pre saan ba maganda magpalipas ng oras kasama ang buong tropa natin?  ,Cavite,
Pre anong oras ang tsibog natin mamaya para makapaghanda na ako rito?  ,Cavite,
Pre saan ba ang sakayan ng van papuntang imus dito sa may kanto?  ,Cavite,
Pre saan ba pwedeng mag-ensayo ng sayaw na walang bayad ang pwesto?  ,Cavite,
Pre saan ba banda rito ang opisina ng munisipyo ng lungsod natin?  ,Cavite,
Pre bakit ba sobrang traffic na naman ngayon dito sa aguinaldo highway?  ,Cavite,
Pre napanood mo ba ang huling laban ng koponan natin kaninang umaga?  ,Cavite,
Pre magkano ba ang pamasahe sa dyip papunta sa dasma ngayon?  ,Cavite,
Pre narinig mo ba ang bulyaw ng tsuper doon sa may terminal kanina?  ,Cavite,
"Huwag kang epal sa usapan pre, wala ka namang alam sa nangyari.  ",Cavite,
Naka-chamba na naman ng libreng tsibog ang tropa natin sa kanto.  ,Cavite,
"Huwag mo akong ma-lowbatan dito, alam ko ang istilo mo pre.  ",Cavite,
Naka-jackpot kami sa ukay-ukay dahil madaming magagandang porma ng jacket.  ,Cavite,
"Huwag kang pabebe riyan tol, bilisan mo ang pag-ayos ng gamit mo.  ",Cavite,
Naka-iskor ng mataas na puntos si kuya sa huling laro ng basketball.  ,Cavite,
"Huwag kang praning pre, walang kukuha ng motor mo sa labas ng gate.  ",Cavite,
Naka-freebie ang tropa ng malamig na inumin galing doon sa may-ari.  ,Cavite,
"Huwag kang pasikat sa harap ng guro natin, nakakairita ka tol.  ",Cavite,
Naka-score kami ng murang ticket para sa concert na gaganapin bukas.  ,Cavite,
Huwag kang umasta na parang astig kung hindi mo naman kaya tol.  ,Cavite,
Naka-benta sila ng madaming paninda dahil sa ganda ng pwesto nila.  ,Cavite,
" pre, tsibog na tayo habang mainit pa ang pagkain.  ",Cavite,
 parang sobrang traffic na naman ngayon dito sa aguinaldo highway.  ,Cavite,
" ano, saan ba talaga ang tamang tambayan ng tropa mamaya?  ",Cavite,
" kumbaga, sandale lang at tatapusin ko lang itong ginagawa ko.  ",Cavite,
" pre, astig talaga ng kulay ng bago mong motor ngayon ah.  ",Cavite,
 parang male-late na tayo sa klase dahil sa bagal ng dyip.  ,Cavite,
" kumbaga, chibog muna tayo sa tabi-tabi bago tayo tuluyang umuwi.  ",Cavite,
" ano, malapit na ba tayo sa may dulo ng mahabang pila?  ",Cavite,
" pre, bilisan mo ang paglakad at baka isara na ang gate.  ",Cavite,
 parang ingay ng mga tricycle sa labas ng aming silid-aralan.  ,Cavite,
" kumbaga, pabalot naman nung natirang pagkain natin kanina sa mesa.  ",Cavite,
" ano, napanood mo ba ang magandang laro ng koponan natin kahapon?  ",Cavite,
Mag-log in ka muna sa facebook account mo para makita mo ang post sa group page.  ,Cavite,
I-check mo pre kung online na si sir sa chat para maitanong natin ang assignment.  ,Cavite,
Naka-receive ako ng confirmation text tungkol sa application natin kanina sa opisina.  ,Cavite,
I-print mo tol ang hard copy ng data table para maisama sa files.  ,Cavite,
Naka-save ba sa flash drive ang presentation na gagamitin natin bukas ng umaga?  ,Cavite,
Mag-download ka muna ng bagong software bago mo simulan ang pag-update ng system.  ,Cavite,
Naka-block ang wifi ng unibersidad kapag sinubukan mong mag-open ng gaming sites.  ,Cavite,
I-forward mo sa email ko ang soft copy ng program outline para ma-review ko.  ,Cavite,
Naka-schedule ang final defense natin sa next week ayon sa ating adviser.  ,Cavite,
I-cancel mo ang booking ng sasakyan dahil nagbago ang plano ng buong tropa.  ,Cavite,
Naka-post sa student portal ang listahan ng mga kailangang dalhin para sa enrollment.  ,Cavite,
I-verify mo muna sa mobile app kung pumasok na ang bayad ng customer sa account.  ,Cavite,
Ang presko naman ng hangin dito sa may tabing-bundok.  ,Rizal,
Tara sa may talon mamaya pagkatapos ng ating klase.  ,Rizal,
Masarap mag-bike rito sa amin dahil sementado na ang kalsada.  ,Rizal,
Ang tahimik dito kapag umaga kaya masarap magpahinga.  ,Rizal,
Dito tayo dumaan sa shortcut para iwas sa trapik sa bayan.  ,Rizal,
Parang malamig ngayon sa Antipolo lalo na kapag gabi.  ,Rizal,
Ang daming turista ngayon dahil buwan ng pamamasyal dito.  ,Rizal,
Masarap tumambay sa overlooking habang umiinom ng mainit na kape.  ,Rizal,
Tahimik sa probinsya kapag gabi na at wala nang sasakyan.  ,Rizal,
Dito muna tayo sa may ilalim ng puno sumilong saglit.  ,Rizal,
Ang ganda ng bundok pagkatapos umulan nang malakas kanina.  ,Rizal,
Masarap mag-hiking dito kasama ang mga kaibigan tuwing weekend.  ,Rizal,
Parang mahangin ngayong gabi kaya kailangan kong mag-jacket.  ,Rizal,
Hintayin muna natin sila rito sa tapat ng arko.  ,Rizal,
Dito tayo magpahinga sandali bago tayo magpatuloy sa pag-akyat.  ,Rizal,
Naiiyak ako sa sobrang pagod pero napawi ang lahat nang makita ko ang ganda ng tanawin mula sa tuktok ng bundok.  ,Rizal,
Sobra ang kaba ko habang binabaybay namin ang matarik na ahon sa may pililla kanina.  ,Rizal,
Natatakot ako kapag sumasapit ang dilim dito sa daan at wala pa kaming kasamang iba sa pagbibisikleta.  ,Rizal,
Napakasakit sa pakiramdam na makitang nasira ang mga pananim sa bukid dahil sa bagyo.  ,Rizal,
Nagalit si nanay dahil gabi na ako nakauwi mula sa pamamasyal sa overlooking.  ,Rizal,
Natutuwa ako dahil nakarating din sa wakas ang buong pamilya dito sa sikat na simbahan.  ,Rizal,
Nanghihinayang ako sa pagkakataon na makasama sa hiking dahil sumakit ang aking katawan.  ,Rizal,
Nalilito ako kung aling daan ang mas ligtas dadaanang shortcut patungo sa bayan.  ,Rizal,
Napakasaya ng buong grupo noong makita namin ang malinis na tubig sa talon.  ,Rizal,
Naiinis ako kapag madaming kalat ang iniwan ng mga turista dito sa parke.  ,Rizal,
Nangangamba ako na baka maabutan tayo ng ulan sa gitna ng daan papunta sa bundok.  ,Rizal,
Sobrang gulo ng isip ko dahil sa dami ng dinalang gamit para sa camping bukas.  ,Rizal,
Presko hangin.  ,Rizal,
Tara talon.  ,Rizal,
Mag-bike tayo.  ,Rizal,
Tahimik dito.  ,Rizal,
Daan shortcut.  ,Rizal,
Malamig Antipolo.  ,Rizal,
Madaming turista.  ,Rizal,
Tambay overlooking.  ,Rizal,
Gabi probinsya.  ,Rizal,
Silong muna.  ,Rizal,
Ganda bundok.  ,Rizal,
Hiking tayo.  ,Rizal,
Ang presko talaga ng hangin kapag nasa Antipolo ka lalo na kapag maaga ka nagising para maglakad-lakad sa paligid.  ,Rizal,
Tara sa may Pililla para makita ang mga malalaking windmill na madalas nating mapanood sa mga post sa internet.  ,Rizal,
Masarap mag-bike rito dahil maraming hamon ang ahon na siguradong susubok sa tatag ng iyong katawan at bisikleta.  ,Rizal,
Ang tahimik ng buhay dito sa kabundukan natin malayo sa maingay at magulong buhay sa malalaking lungsod sa Maynila.  ,Rizal,
Dito tayo dumaan para makaiwas sa trapik sa bayan na dulot ng ginagawang malaking tulay sa kabilang kanto.  ,Rizal,
Parang lumalamig na ang simoy ng hangin sa gabi dahil papalapit na naman ang buwan ng disyembre dito sa atin.  ,Rizal,
Ang daming deboto sa simbahan tuwing buwan ng Mayo dahil tradisyon na ang maglakad patungo rito sa amin.  ,Rizal,
Masarap magkape rito sa may overlooking kapag gabi habang pinapanood mo ang mga ilaw ng mga sasakyan sa ibaba.  ,Rizal,
Tahimik ang buong barangay kapag sumapit ang madaling-araw dahil natutulog na ang lahat ng mga tao sa bahay.  ,Rizal,
Dito muna tayo sumilong dahil matindi ang sikat ng araw at baka tayo magkasakit kapag nagpatuloy pa tayo sa paglakad.  ,Rizal,
Ang ganda ng tanawin kapag Sierra Madre ang kaharap mo lalo na kapag sumisikat ang araw sa likod nito.  ,Rizal,
Masarap mag-relax dito pagkatapos ng mahabang linggo ng pagtatrabaho sa maingay at maduming lugar sa siyudad.  ,Rizal,
"Aba, presko ah!  ",Rizal,
"Hala, matarik ito!  ",Rizal,
"Ay, ganda ng view!  ",Rizal,
"Naku, ang taas naman!  ",Rizal,
"Wow, ang lamig dito!  ",Rizal,
"Ay, salamat nakarating din!  ",Rizal,
"Hala, uulan yata sa bundok!  ",Rizal,
"Naku naman o, flat ang gulong!  ",Rizal,
"Aba, madaming bikers ngayon!  ",Rizal,
"Ay, sarado ang hanging bridge!  ",Rizal,
"Hala, bilisan mo ang pag-akyat!  ",Rizal,
"Wow, sarap ng kape rito!  ",Rizal,
Magpahinga muna kayo rito sa ilalim ng kawayan bago magpatuloy.  ,Rizal,
Dito tayo dumaan sa shortcut para mabilis tayong makarating sa terminal.  ,Rizal,
Hintayin muna natin ang huling biyahe ng bangka patungong talim island.  ,Rizal,
Tara muna sa may rizal shrine sa morong para mamasyal.  ,Rizal,
Iayos mo ang kadena ng bike mo bago tayo magsimulang umakyat ng bundok.  ,Rizal,
Tingnan mo kung malinis ang tubig sa talon bago ka lumangoy.  ,Rizal,
Isara mo ang bintana dahil malamig ang hangin mula sa kabundukan.  ,Rizal,
Ilista mo ang mga pangalan ng kasama natin sa hiking para sa permit.  ,Rizal,
Huwag kayong lalayo sa grupo kapag nasa loob na tayo ng kagubatan.  ,Rizal,
Bilisan mo ang pag-pack ng mga gamit sa camping dahil gabi na.  ,Rizal,
Magdala ka ng makapal na jacket dahil malamig ang panahon sa taas.  ,Rizal,
Iwan mo ang mabibigat na bag dito sa may tapat ng registration desk.  ,Rizal,
Pumunta kami sa may Pililla noong nakaraang linggo para tingnan ang mga windmill kasama ang aking pamilya.  ,Rizal,
Nakita ko ang madaming nagre-register na bikers para sa gaganaping karera sa darating na sabado ng umaga.  ,Rizal,
Naglakad kami sa may pilapil habang pinapanood ang magandang tanawin ng lawa mula sa aming pwesto.  ,Rizal,
Bumili si tatay ng mga sariwang prutas sa tabi ng daan para sa aming pasalubong pag-uwi sa bahay.  ,Rizal,
Nag-camping kami sa bundok kasama ang aking mga katrabaho at napakasaya ng aming kwentuhan sa gabi.  ,Rizal,
Dumaan ang traysikel sa gilid ng sementeryo para makaiwas sa mahabang pila ng sasakyan sa main road.  ,Rizal,
Natapos din namin ang pag-aayos ng mga permit para sa pag-akyat sa bundok pagkatapos ng ilang oras.  ,Rizal,
Nakinig kami sa paliwanag ng guide tungkol sa kasaysayan ng lumang simbahan dito sa aming bayan.  ,Rizal,
Nagkita-kita ang magkakaibigan sa tapat ng arko bago sila tuluyang magsimula sa their alay lakad.  ,Rizal,
Iniwan niya ang kanyang bike sa may paradahan dahil sumakit ang kanyang tuhod sa gitna ng biyahe.  ,Rizal,
Nirestohan namin ang bagong kainan sa may overlooking at napakasarap ng kanilang inihandang pagkain doon.  ,Rizal,
Nawalan ng signal ang aming mga telepono noong makarating kami sa liblib na bahagi ng kabundukan kagabi.  ,Rizal,
Saan ba dadaan ang shortcut patungong Antipolo para maiwasan ang trapik?  ,Rizal,
Masarap ba talaga mag-bike rito kapag sumasapit ang araw ng linggo?  ,Rizal,
Saan ba makakahanap ng murang kagamitan para sa gaganaping hiking bukas?  ,Rizal,
Kumusta ang simoy ng hangin sa itaas ng bundok ngayon ayon sa balita?  ,Rizal,
Parang mahangin ba sa may pililla windmill kapag ganitong buwan ng taon?  ,Rizal,
Saan ba banda rito ang sakayan ng jeep papunta sa may overlooking?  ,Rizal,
Ang dami bang turista ang pumupunta sa talon tuwing sasapit ang weekend?  ,Rizal,
Saan ba pwede mag-park ng bike na ligtas at may nagbabantay rito?  ,Rizal,
Kumain na ba ang lahat bago tayo magsimulang mag-hiking sa bundok?  ,Rizal,
Saan ba ang daan patungo sa sikat na suspension bridge dito sa amin?  ,Rizal,
Tahimik ba talaga ang buhay sa isang maliit na baryo sa kabundukan?  ,Rizal,
Saan ba banda rito ang opisina ng barangay para sa registration ng bikers?  ,Rizal,
"Huwag kang pampam sa daan tol, madaming mabilis na bikers sa likod.  ",Rizal,
Naka-chamba kami ng magandang pwesto sa overlooking kagabi kahit madaming tao.  ,Rizal,
"Huwag mo akong ma-drama rito, alam ko ang hirap ng ahon sa pililla.  ",Rizal,
Naka-iskor kami ng murang kape doon sa may tindahan sa gilid ng daan.  ,Rizal,
"Huwag kang praning tol, ligtas naman mag-camping dito sa taas ng bundok.  ",Rizal,
Naka-jackpot ang tindera dahil naubos agad ang mga paninda niyang malamig na tubig.  ,Rizal,
"Huwag kang pabebe riyan, bilisan mo ang pag-akyat at baka tayo magdilim.  ",Rizal,
Naka-freebie ang grupo ng masarap na suman galing doon sa may-ari ng pwesto.  ,Rizal,
"Huwag kang pasikat sa pagbaba ng bundok, delikado kapag mabilis ang takbo.  ",Rizal,
Naka-score ng mataas na marka ang aking kaklase sa report tungkol sa kalikasan.  ,Rizal,
Huwag kang umasta na parang pro biker kung hindi mo pa kabisado ang daan.  ,Rizal,
Naka-benta sila ng madaming jacket dahil sa matinding lamig dito sa taas.  ,Rizal,
 parang presko ang simoy ng hangin ngayon dito sa may tabing-bundok.  ,Rizal,
" bale, tara sa may talon mamaya pagkatapos ng ating klase sa hapon.  ",Rizal,
" ano, saan ba talaga ang tamang shortcut patungo sa kabilang bayan?  ",Rizal,
" kumbaga, masarap mag-bike rito sa amin dahil sementado na ang kalsada.  ",Rizal,
 parang malamig ngayon sa Antipolo lalo na kapag sumasapit ang gabi.  ,Rizal,
" kumbaga, dito muna tayo sa may ilalim ng puno sumilong saglit habang mainit.  ",Rizal,
" bale, ang daming turista ngayon dahil buwan ng pamamasyal dito sa amin.  ",Rizal,
 parang mahangin yata sa may itaas ng bundok ngayon batay sa ulap.  ,Rizal,
" ano, hintayin muna natin sila rito sa tapat ng arko bago umalis.  ",Rizal,
" kumbaga, masarap tumambay sa overlooking habang umiinom ng mainit na kape.  ",Rizal,
" bale, saan ba banda rito ang terminal ng mga traysikel papuntang plasa?  ",Rizal,
 parang tahimik ang paligid ngayon dahil wala nang masyadong dumadaang sasakyan.  ,Rizal,
Mag-log in ka muna sa system para makita mo ang registration form ng mga bikers.  ,Rizal,
I-check mo kung online na ang page ng turismo para sa update sa talon.  ,Rizal,
Naka-receive kami ng confirmation email tungkol sa slots natin sa camping site.  ,Rizal,
I-print mo ang hard copy ng map ng trail para hindi tayo maligaw bukas.  ,Rizal,
Naka-save ba sa flash drive ang lahat ng mga litrato natin sa overlooking?  ,Rizal,
Mag-download ka muna ng offline map ng Antipolo bago tayo bumiyahe patungo roon.  ,Rizal,
Naka-block ang signal ng wifi kapag nandoon ka na sa malalim na bahagi ng bundok.  ,Rizal,
I-forward mo sa messenger ko ang screenshot ng registration ng ating buong grupo.  ,Rizal,
Naka-schedule ang clean-up drive natin sa next Saturday kasama ang mga environmentalists.  ,Rizal,
I-cancel mo ang booking ng van dahil mas gusto ng tropa na mag-commute na lang.  ,Rizal,
Naka-post sa facebook group ang listahan ng mga kailangang dalhin para sa hiking.  ,Rizal,
I-verify mo muna sa app kung pumasok na ang payment para sa entrance fee natin.  ,Rizal,
Ano man oras ang alis natin papunta sa bayan ngayon?  ,Quezon,
Saan man tayo bibili ng pagkain para sa ating hapunan?  ,Quezon,
Kain man muna tayo bago tayo tuluyang bumiyahe sa malayo.  ,Quezon,
Mainit man sa terminal ngayon dahil madami ang naghihintay.  ,Quezon,
Tara man sa palengke mamaya para bumili ng mga prutas.  ,Quezon,
Hintay man muna si nanay dahil may tinatapos pa siya sa loob.  ,Quezon,
Marami man tao sa bayan ngayon dahil papalapit na ang pista.  ,Quezon,
Ang lakas man ng ulan kagabi kaya nabasa ang mga paninda.  ,Quezon,
Dito man muna kayo umupo sa may silya habang naghihintay.  ,Quezon,
Saan man ang sakayan ng dyip papunta sa kabilang barangay?  ,Quezon,
Kain man tayo ng pancit habhab mamaya kasama ang pamilya.  ,Quezon,
Tara man at baka mahuli tayo sa huling biyahe ng van.  ,Quezon,
Mainit man sa loob ng jeep kapag tanghaling tapat sa kalsada.  ,Quezon,
Hintay man sandali at darating din sila mula sa bukid.  ,Quezon,
Parang mahaba man ang pila rito sa may tindahan ni Aling Maria.  ,Quezon,
Naiiyak ako sa lungkot dahil umalis man sila nang hindi man lang nagpaalam sa amin.  ,Quezon,
Sobra ang kaba ko habang naulan at ang lakas man ng kulog at kidlat kagabi.  ,Quezon,
Natatakot ako na baka masira man ang lahat ng mga pananim na niyog sa bukid.  ,Quezon,
Napakasakit sa damdamin na makitang nag-away man ang magkapatid dahil sa pera.  ,Quezon,
Nagalit si tatay dahil nakalimutan man ninyong isara ang gate ng gilingan kanina.  ,Quezon,
Natutuwa ako dahil naging matagumpay man ang pagdiriwang ng Pahiyas sa bayan.  ,Quezon,
Nanghihinayang ako sa natirang pagkain na napanis man dahil nakalimutang itabi sa ref.  ,Quezon,
Nalilito ako kung saan man tayo kukuha ng karagdagang kawayan para sa bakod.  ,Quezon,
Napakasaya ng buong pamilya noong dumating man ang mga pasalubong mula sa malayo.  ,Quezon,
Naiinis ako kapag matagal man akong naghihintay dito sa tapat ng kalan sa initan.  ,Quezon,
Nangangamba ako na baka hindi man lang sila makarating sa takdang oras bukas.  ,Quezon,
Sobrang gulo ng isip ko dahil sa dami man ng problema sa aming negosyo ngayon.  ,Quezon,
Ano man.  ,Quezon,
Saan man?  ,Quezon,
Kain man.  ,Quezon,
Mainit man.  ,Quezon,
Tara man.  ,Quezon,
Hintay man.  ,Quezon,
Marami man.  ,Quezon,
Lakas man.  ,Quezon,
Dito man.  ,Quezon,
Biyahe man.  ,Quezon,
Suman man.  ,Quezon,
Pila man.  ,Quezon,
Saan man tayo makakabili ng pasalubong na Lucban longganisa na bagong gawa para dalhin sa aming mga kamag-anak sa Maynila?  ,Quezon,
Kain man muna kayo ng kakanin habang bagong luto pa at mainit para naman magkaroon kayo ng lakas sa paglalakbay.  ,Quezon,
Mainit man ang ulo ng tsuper dahil sa matinding traffic na dulot ng ginagawang kalsada sa may tapat ng munisipyo.  ,Quezon,
Hintay man muna kayo riyan habang hinahanap ko ang susi ng bodega kung saan nakatago ang mga kagamitan natin.  ,Quezon,
Ano man the gagawin natin kapag hindi sila dumating sa takdang oras na pinagkasunduan natin noong nakaraang linggo?  ,Quezon,
Saan man tayo makakahanap ng murang bigas sa bayan para makatipid tayo sa gastusin ng aming pamilya ngayong buwan?  ,Quezon,
Mainit man ang singaw ng hurno sa pagawaan ng tinapay pero kailangan nilang magtiis para matapos ang mga order.  ,Quezon,
Tara man sa simbahan para magpasalamat sa lahat ng mga biyaya na natanggap ng ating buong pamilya ngayong taon.  ,Quezon,
Hintay man muna kayo riyan sa may lilim ng puno para hindi kayo mainitan habang nag-aantay ng masasakyang dyip.  ,Quezon,
Marami man ang pumupunta sa Lucban tuwing gaganapin ang sikat na kapistahan ng Pahiyas para makakita ng magagandang dekorasyon.  ,Quezon,
Ang lakas man ng agos ng tubig sa ilog kanina kaya naman pinagbawal muna ng kapitan ang paliligo ng mga bata.  ,Quezon,
Dito man muna kayo magpahinga habang mainit ang sikat ng araw sa labas at baka kayo ay biglang magkasakit sa daan.  ,Quezon,
"Aba, marami man!  ",Quezon,
"Hala, lakas man!  ",Quezon,
"Ay, mainit man!  ",Quezon,
"Naku, ano man!  ",Quezon,
"Wow, sarap man!  ",Quezon,
"Ay, salamat man!  ",Quezon,
"Hala, uulan man!  ",Quezon,
"Naku naman o, sarado man!  ",Quezon,
"Aba, maaga man!  ",Quezon,
"Ay, nabasag man!  ",Quezon,
"Hala, bilisan man!  ",Quezon,
"Wow, ganda man!  ",Quezon,
Hintay man muna kay tatay dahil parating na raw siya mula sa malapit na palengke.  ,Quezon,
Dito man muna kayo magpalipas ng gabi sa aming munting bahay dahil umuulan nang malakas.  ,Quezon,
Saan man ang sakayan ng dyip patungong Lucena kaya magtanong ka muna doon sa kanto.  ,Quezon,
Kain man tayo ng suman mamayang meryenda kaya magpakulo ka na ng mainit na tubig.  ,Quezon,
Tara man at baka maiwan tayo ng huling biyahe ng bus patungong Maynila ngayon.  ,Quezon,
Isara mo ang bintana dahil malakas man ang pasok ng hangin mula sa dagat pasipiko.  ,Quezon,
Tawagan mo ang iyong kapatid para malaman kung nasaan man siya nagsuot ngayong hapon.  ,Quezon,
Ihanda mo ang mga kargang niyog sa trak bago dumating ang mamimili mamayang gabi.  ,Quezon,
Ilista mo ang lahat ng mga kailangan nating bilhin sa tiangge para sa pista.  ,Quezon,
Huwag mong iiwan ang mga natirang pagkain sa mesa at baka langgamin man iyan.  ,Quezon,
Bilisan mo ang paggiling ng niyog para magamit na natin sa pagluluto ng ulam.  ,Quezon,
Magdala ka ng payong dahil parang uulan man nang malakas batay sa kulay ng langit.  ,Quezon,
Pumunta kami sa Lucban noong nakaraang buwan para manood ng Pahiyas kasama ang buong pamilya ko.  ,Quezon,
Nakita ko ang mahabang pila ng mga trak na may kargang niyog doon sa may checkpoint kanina.  ,Quezon,
Nag-asikaso kami ng mga dokumento sa munisipyo at matagal man kaming naghintay dahil madaming tao.  ,Quezon,
Bumili si nanay ng masarap na pancit habhab sa bayan para sa aming meryenda ngayong hapon.  ,Quezon,
Naglakad kami sa tabing-dagat habang malakas man ang hangin na nagbubuhat sa dagat pasipiko kanina.  ,Quezon,
Dumaan ang sasakyan namin sa shortcut sa bukid para makaiwas sa trapik sa main highway.  ,Quezon,
Natapos din namin ang pag-aayos ng bakod gamit ang mga kawayan na kinuha namin sa likod-bahay.  ,Quezon,
Nakinig ang lahat sa abiso ng kapitan tungkol sa gaganaping pagpupulong ng mga magsasaka bukas.  ,Quezon,
Nagkita-kita kami sa may plasa bago kami tuluyang pumunta sa may gilingan ng niyog kahapon.  ,Quezon,
Iniwan niya ang kanyang mga tsinelas sa may tapat ng pintuan dahil madumi man ang daan sa labas.  ,Quezon,
Nirestohan namin ang kainan sa tabi ng simbahan at napakasarap man ng kanilang inihandang pagkain doon.  ,Quezon,
Nawalan ng kuryente sa buong barangay kaya naman napilitan kaming gumamit muna ng mga gasera kagabi.  ,Quezon,
Saan man tayo makakabili ng masarap na nilupak dito sa inyong bayan ngayon?  ,Quezon,
Kailan man ang dating ng mga kamag-anak ninyo mula sa malalayong probinsya?  ,Quezon,
Saan man ang daan patungo sa sikat na talon ng balagbag dito sa amin?  ,Quezon,
Mainit man ba sa loob ng opisina kapag walang kuryente sa buong gusali?  ,Quezon,
Saan man dadaan ang trak na may kargang mga bagong pitas na niyog?  ,Quezon,
Marami man ba ang naging huli nilang sariwang isda kaninang umaga sa dagat?  ,Quezon,
Saan man tayo pwedeng sumakay ng van papunta sa Lucena dito sa kanto?  ,Quezon,
Ano man ang desisyon ng nakararami ay susunod ba kayo nang walang reklamo?  ,Quezon,
Saan man natin ilalagay ang mga natirang kagamitan pagkatapos ng pagtatrabaho bukas?  ,Quezon,
Inom man muna ba kayo ng mainit na kape habang nagpapalipas ng oras dito?  ,Quezon,
Saan man dadaan ang prusisyon mamayang gabi para makaiwas tayo sa daan?  ,Quezon,
Ano man ang gagawin natin kapag biglang bumuhos ang malakas na ulan mamaya?  ,Quezon,
"Huwag kang epal sa usapan, wala ka namang alam sa nangyari sa munisipyo.  ",Quezon,
Naka-chamba man ang tropa ng libreng suman doon sa may tindahan sa kanto.  ,Quezon,
"Huwag mo akong ma-lowbatan dito, alam ko ang totoong gawa mo sa bukid.  ",Quezon,
Naka-jackpot kami sa palengke dahil madami ang murang longganisa kaninang umaga.  ,Quezon,
"Huwag kang pabebe riyan, bilisan mo ang pag-load ng mga niyog sa trak.  ",Quezon,
Naka-iskor kami ng libreng meryenda galing doon sa may-ari ng gilingan.  ,Quezon,
"Huwag kang praning, ligtas naman iwan ang sasakyan mo diyan sa tabi ng daan.  ",Quezon,
Naka-freebie ang buong grupo ng malamig na buko juice dahil sa init ng panahon.  ,Quezon,
"Huwag kang pasikat sa harap ng mga bisita, nakakahiya naman ang kilos mo.  ",Quezon,
Naka-score ng mataas na benta ang aking tiyuhin sa pagbebenta ng kopra ngayong buwan.  ,Quezon,
Huwag kang umasta na parang boss kung bago ka pa lang dito sa pagawaan.  ,Quezon,
Naka-benta sila ng madaming paninda dahil sa ganda ng dekorasyon sa Pahiyas.  ,Quezon,
 ano man ang balita sa nawawalang dokumento sa opisina ng kapitan?  ,Quezon,
 parang mainit man ang panahon ngayon pero masarap mamasyal sa bukid.  ,Quezon,
" bale, kain man muna kayo ng nilagang kamote riyan sa may mesa.  ",Quezon,
" kumbaga, hintay man muna kay nanay dahil may binabayaran pa siya sa loob.  ",Quezon,
 parang malakas man ang hiyawan ng mga tao doon sa may covered court.  ,Quezon,
" kumbaga, dito man muna kayo maupo habang wala pa ang sasakyan natin.  ",Quezon,
" bale, saan man ang sakayan ng dyip na dadaan sa may unibersidad?  ",Quezon,
 parang mahaba man ang pila ng mga sasakyan doon sa may checkpoint kanina.  ,Quezon,
" ano, tara man sa may gilingan ng niyog mamaya pagkatapos ng meryenda.  ",Quezon,
" kumbaga, kain man muna tayo ng tanghalian bago magpatuloy sa ating paglalakbay.  ",Quezon,
" bale, saan man tayo pwedeng magpalipas ng ulan dito sa may tabi ng kalsada?  ",Quezon,
 parang marami man ang naging ani ng mga magsasaka ngayong taon dito.  ,Quezon,
Mag-log in ka muna sa government portal para ma-check mo ang status ng permit.  ,Quezon,
I-check mo kung online na ang page ng munisipyo para sa update sa track schedule.  ,Quezon,
Naka-receive kami ng text confirmation tungkol sa delivery ng mga kawayan kanina.  ,Quezon,
I-print mo ang hard copy ng listahan ng mga kalahok para sa Pahiyas event.  ,Quezon,
Naka-save ba sa flash drive ang records ng benta ng kopra para sa auditor?  ,Quezon,
Mag-download ka muna ng form sa website bago ka pumunta sa town hall bukas.  ,Quezon,
Naka-block ang mobile signal kapag nandoon ka na sa liblib na bahagi ng banahaw.  ,Quezon,
I-forward mo sa email ko ang soft copy ng budget report para sa barangay project.  ,Quezon,
Naka-schedule ang meeting natin sa next Thursday kasama ang agricultural officers.  ,Quezon,
I-cancel mo ang booking ng truck dahil hindi pa tapos ang paggiling ng niyog.  ,Quezon,
Naka-post sa facebook page ng bayan ang mga kailangan para sa business permit.  ,Quezon,
I-verify mo muna sa online application kung pumasok na ang remittance ng buyer.  ,Quezon,
