filename,speaker_id,emotion,mfcc_1,mfcc_2,mfcc_3,mfcc_4,mfcc_5,mfcc_6,mfcc_7,mfcc_8,mfcc_9,mfcc_10,mfcc_11,mfcc_12,mfcc_13,zcr,rms,centroid,bandwidth,rolloff
a001.WAV,a001,Angry,-368.34152,41.984646,-42.2471,6.959081,-35.994007,-36.828068,-9.725045,-24.07753,-12.587987,-15.326992,-17.214815,-13.762362,-17.661129,0.12717848557692307,0.02682705,2391.0830332888972,2147.810571989914,4162.278973280326
a002.wav,a002,Angry,-357.89645,63.009163,-38.491768,4.326091,-33.055767,-33.603687,-11.297479,-45.47841,-6.649862,-16.337612,-17.610632,-15.958181,-13.457106,0.10439533832644628,0.03445966,2131.7212208269407,2098.424310866578,3890.480331547004
a003.WAV,a003,Angry,-431.08997,62.22765,-49.674183,-8.637942,-16.049677,-18.311846,-26.45738,-17.284872,-30.814312,3.013008,-13.692531,-16.001812,-8.784884,0.20692886844758066,0.020617338,2397.881993939768,2118.9371606543177,4257.496298513105
a004.WAV,a004,Angry,-311.39932,73.58541,-37.146843,-24.921402,-25.0138,-16.252851,-18.83369,-40.66352,-6.7810655,-8.859784,-21.945541,-10.307381,-15.596156,0.09771205357142858,0.063256964,1915.5000375854713,2077.793255957018,3675.7177734375
a005.WAV,a005,Angry,-350.1504,59.981403,-43.912777,-25.849535,-30.876247,-16.840036,-14.356725,-37.155945,-7.888436,-8.1624155,-15.351635,-12.01681,-16.54614,0.11956988324175824,0.0610538,2213.7452631740775,2189.0544585657476,4205.245267427885
a006.wav,a006,Angry,-347.41592,92.552376,-32.486126,-4.1797605,-30.895756,-26.653458,-16.686663,-42.217827,-27.21967,-16.807297,-18.566727,-6.3090243,-25.637274,0.0769879066780822,0.057005033,1515.0210691928673,1664.2165328109404,2570.046788045805
a007.wav,a007,Angry,-331.98834,104.46681,-51.09815,-5.302544,-30.875233,-24.325977,-9.745764,-37.546963,-14.493395,-18.168566,-15.11536,-15.445885,-12.807687,0.07993129916958042,0.056909308,1536.1485758953231,1631.946478733949,2756.0241272399476
a008.WAV,a008,Angry,-414.96344,64.71706,-47.404774,-20.731247,-17.538176,-18.79948,-27.090681,-23.093945,-26.53656,-5.4236727,-4.5216584,-12.454567,-14.338313,0.14539473684210527,0.03859858,2090.1545198091067,1934.4848034746033,3680.4777446546054
a009.WAV,a009,Angry,-377.19885,61.84726,-47.37104,3.490104,-10.101776,-32.355743,-37.294624,-3.6955743,-30.382862,-4.4746366,-14.8981905,-19.865997,-8.274257,0.13255399816176472,0.037354052,2166.972769761566,1840.499269409929,3665.9644990808824
a010.WAV,a010,Angry,-338.19583,54.051586,-47.56242,-4.0339637,-15.058526,-39.705708,-47.19869,-11.432494,-26.17763,-7.521795,-17.040363,-14.52628,-12.677438,0.11039515904017858,0.049889114,2123.70262181809,2004.7591192324205,3677.7557373046875
a011.WAV,a011,Angry,-364.08508,42.66113,-40.82704,-18.34584,-34.002907,-28.121305,-35.815025,-7.811554,-23.314602,6.006659,-6.0840597,-7.70246,-8.955743,0.11395584909539473,0.04464528,2303.1820554572246,2117.7806304843994,4192.032984683388
a012.WAV,a012,Angry,-426.43912,46.616825,-22.549784,-19.307665,-29.329567,-25.180628,-9.870044,-15.764848,-23.067835,-14.321895,-13.849415,-11.581744,-16.48877,0.2511638484589041,0.026559085,2946.814051667557,2390.5868309079788,5066.497217465753
a013.WAV,a013,Angry,-463.47858,37.74521,-14.6889515,-6.38993,-17.359434,-24.439972,-13.493718,-11.280841,-10.275503,-6.451735,-17.268463,-9.350628,-16.240425,0.23433540962837837,0.022041975,2915.33250146464,2461.492234488018,5413.660657728041
a014.wav,a014,Angry,-273.01993,49.564068,-46.06139,-23.87155,-49.022133,-24.752144,-0.8699101,-52.91418,-16.311892,-23.610851,-19.09549,-12.838463,-15.673402,0.13209389740566038,0.09319542,2321.03254455291,2248.3573950227315,4448.028449292453
a015.WAV,a015,Angry,-325.9899,17.880995,-38.99455,-20.412651,-18.501152,-16.90081,-18.133202,-14.831787,-24.23008,-5.6610785,-18.72823,-6.780522,0.54345304,0.15181477864583334,0.07944,2578.4409083622686,2271.1228279123434,4525.262451171875
a016.WAV,a016,Angry,-360.77087,75.938385,-37.43822,5.7926674,-16.806183,-40.25134,-36.45409,-4.786409,-35.362385,-6.980014,-28.561306,-24.525206,-13.872906,0.07406317018995098,0.03790764,1702.6864935973026,1804.1665598350119,3073.125861672794
a017.WAV,a017,Angry,-327.7349,72.1764,-23.338757,12.299211,-3.5640326,-30.241318,-34.989464,-17.406515,-26.861784,-20.684816,-16.338442,-14.2720585,-21.746822,0.09302497632575757,0.04993772,2032.2574812240673,2160.784622308517,3764.8848100142045
a018.wav,a018,Angry,-305.49698,60.12888,-42.713654,-6.9773197,-27.147175,-21.881678,-17.944931,-32.471848,-21.494684,-17.33192,-8.787727,-15.813073,-13.733111,0.0909166837993421,0.06351706,2095.2178775079933,2169.1437864091563,4020.0506913034537
a019.WAV,a019,Angry,-360.98755,84.04645,-27.148796,5.940649,-21.285353,-19.085775,-7.7436976,-27.821993,-13.364019,-15.898525,-9.867946,-16.20205,-16.135641,0.1083526611328125,0.05840137,1968.186553123321,1888.8096825762818,3643.0646896362305
a020.wav,a020,Angry,-320.32205,68.37458,-25.1778,-15.195298,-48.979702,-29.162588,-3.5501943,-42.42656,-8.526341,-14.729758,-15.357811,-10.774079,-24.19797,0.09815330276946108,0.07624735,1891.5732614668693,2044.5814091718814,3436.995783822979
a021.WAV,a021,Angry,-540.60864,28.387655,-13.088181,-0.8076096,-9.250251,-7.999251,-9.725711,-3.2370155,-10.615964,-4.233463,-6.3320465,-4.0878377,-5.80658,0.3746656813063063,0.014096099,3826.4085709800033,2801.6185553094224,7029.426863386824
a022.wav,a022,Angry,-334.62793,54.433,-26.439993,3.4645452,-33.60584,-35.303253,-0.45437747,-39.063896,-19.744432,-23.291252,-15.338694,-19.510971,-21.794176,0.09199845900229357,0.071100466,2042.6397530663828,2105.825967253326,3633.2835346186926
a023.WAV,a023,Angry,-348.30923,74.640274,-39.534836,5.4751425,-7.6470895,-37.47535,-42.388443,-10.756794,-36.932274,-10.985858,-20.675941,-17.589464,-12.099273,0.07494386227544911,0.046400487,1741.0650492065522,1873.2008988316336,3086.5332323633984
a024.WAV,a024,Angry,-344.32437,66.01266,-57.090202,-27.18238,-40.07567,-24.666628,-40.42219,-14.9977455,-18.516462,-4.2104154,-9.313425,-8.38332,-8.274895,0.1230074974798387,0.045813117,2040.9077925976183,1873.1647103876483,3582.326187626008
a025.WAV,a025,Angry,-342.66006,55.1641,-37.459568,-40.673042,-42.395126,-6.3076406,-12.386979,-18.192598,-25.071367,1.5703727,-5.702844,-4.8687253,5.574986,0.11627197265625,0.06601998,2064.253228597996,2098.7855016336644,3955.9919877485795
a026.WAV,a026,Angry,-347.94696,68.21609,-71.01296,-31.395329,-26.745983,-24.227047,-38.128147,5.170433,-25.765892,-4.804937,-7.629645,-3.9652028,-11.548634,0.11544853344298246,0.035529625,1987.257503111055,1839.2977721375503,3458.912417763158
a027.wav,a027,Angry,-331.3037,29.881365,-43.214455,-25.00719,-28.14008,-30.068714,-19.980314,-32.45095,-35.47846,-7.0545974,-27.145943,-2.668461,7.2738504,0.12974997127757354,0.052250102,2475.38173434441,2303.709995751371,4656.951006721048
a028.WAV,a028,Angry,-333.61057,40.284035,-44.068447,-17.210773,-22.612368,-18.493288,-21.16157,-30.90011,-13.52715,-12.943474,-13.107649,-15.556339,-11.385671,0.12009377675513698,0.06466367,2372.693823553275,2263.944612670901,4432.890089897261
a029.WAV,a029,Angry,-374.03174,57.89983,-52.368614,15.24929,-1.6240296,-23.701729,-23.736887,-7.2276154,-33.518257,8.284468,-4.4595604,-9.377267,-13.75991,0.12184537394662921,0.03329875,2382.5709051309673,1915.7697377677032,3757.422972261236
a030.wav,a030,Angry,-269.75494,35.588223,-36.341866,-7.1518803,-32.528614,-26.410732,-17.95953,-48.5107,-12.070665,-20.36576,-14.504896,-7.958298,-15.107213,0.16259229052197802,0.087634906,2821.855474945449,2409.982164315564,5272.55859375
a031.wav,a031,Angry,-291.24265,60.863564,-27.94432,12.00458,-20.43091,-9.868064,-18.81609,-34.4316,-18.526548,-15.532982,-17.217737,-20.809,-19.31297,0.1325049212598425,0.051096004,2382.071564539745,2095.1788005660605,4251.1968657726375
a032.wav,a032,Angry,-328.05243,77.793915,-59.290096,6.392045,-26.73282,-31.920612,-14.334698,-34.867756,-13.659556,-20.433449,-20.480844,-13.1084,-22.41172,0.11131873497596154,0.036368676,2058.647490822883,1849.9324012246711,3589.9369459885816
a033.wav,a033,Angry,-291.8609,43.623432,-53.847626,-29.866707,-27.97302,-11.749694,-15.096036,-29.538067,-11.212702,-10.530184,-19.468735,-9.561603,-16.720005,0.17909327093160377,0.065894656,2682.7013951606373,2151.4620186728393,4640.913132001769
a034.WAV,a034,Angry,-365.67398,49.270863,-39.043488,7.610009,-18.009552,-34.985855,-27.021473,-16.453972,-25.506067,-3.8558342,-14.495767,-13.7199135,-14.727461,0.10865946835691824,0.03834858,2063.0659155913995,1964.1580122189234,3610.6712485259436
a035.WAV,a035,Angry,-348.96603,42.11624,-45.34718,6.3819485,-18.533497,-32.08195,-37.14149,-15.570317,-40.33043,-9.532476,-9.545131,-13.518981,-9.365524,0.12728752367424243,0.03958905,2304.0636033343235,1978.8225909539249,4075.582830255682
a036.WAV,a036,Angry,-336.0796,49.094257,-49.60758,-23.297445,-29.350918,-22.956125,-21.565203,-14.61454,-41.197727,-6.8725023,-12.453116,-9.102163,-5.7175317,0.18757847377232142,0.047679264,2775.9054402148968,2139.1461180967854,4893.6126708984375
a037.wav,a037,Angry,-414.66385,75.86931,-16.010878,-16.484282,-35.337055,-29.844288,-7.0615473,-31.929441,-21.064278,-16.378159,-19.221045,-17.438206,-24.81786,0.10031150205291971,0.027919577,1881.5128442034113,2101.3780670858023,3395.4089088161495
a038.wav,a038,Angry,-222.4305,60.224697,-58.020554,-23.226469,-46.08802,-28.079102,-5.814008,-48.071,-12.5295725,-20.698404,-17.85034,-12.802348,-18.651106,0.12346281828703703,0.102652416,2228.7268237135077,2122.0723604064638,4065.7877604166665
a039.wav,a039,Angry,-222.01776,124.53949,-47.9875,-0.5343346,-37.936684,-9.043905,-0.57085186,-15.512513,-30.298147,-12.276188,1.5052705,-0.5377588,-1.3634306,0.07876773756377552,0.13436832,1477.232511263398,1474.4901384360196,2552.1240234375
a040.wav,a040,Angry,-270.58682,130.79634,2.516657,11.405978,-14.312528,-13.135056,11.265907,-24.18858,-11.867617,3.8179984,-15.952734,2.8615654,-5.96109,0.05701062694099379,0.06865961,1424.8671852191112,1911.3468301566868,2664.2323369565215
a041.wav,a041,Angry,-195.11856,114.49514,5.840067,6.7037525,-15.260863,-24.478374,9.599433,-20.661684,-24.097906,7.3550963,-21.95265,1.4286364,-6.021202,0.06928168402777778,0.11415192,1887.0417349738373,2268.340988275902,4000.482647235577
a042.wav,a042,Angry,-200.8717,132.23698,-36.383583,-0.8007561,-39.704945,-9.280493,-3.788464,-15.49776,-33.11776,-21.643894,-2.0568423,1.2038864,-9.424505,0.066961669921875,0.13903525,1356.673489934153,1437.2927366494691,2215.4974365234375
a043.wav,a043,Angry,-131.3506,82.29842,3.0029693,12.111531,-6.3882327,-22.311625,19.179583,-26.494913,-8.850671,8.447973,-16.357403,11.179431,-7.3200226,0.12900709069293478,0.13949025,2812.900199095376,2701.3943093311937,5742.694622537364
a044.wav,a044,Angry,-177.1206,146.47975,-22.600174,2.6175482,-15.958719,-25.453402,21.747988,-31.043146,-11.278968,9.624574,-16.188696,10.787821,-5.469127,0.06817195391414141,0.12879685,1519.3339515161392,1789.9620418990032,2766.5815873579545
a045.wav,a045,Angry,-219.17456,135.90468,-12.466975,8.501838,-12.944364,-24.767773,19.656399,-29.649271,-13.150794,3.9901366,-17.438015,7.6625514,-6.649947,0.06826839091614907,0.08968686,1592.760021868459,1945.385029720319,2999.3344514266305
a046.wav,a046,Angry,-227.79855,109.03979,10.526033,14.106952,-14.827892,-18.992674,10.323284,-20.292349,-17.022161,7.4367332,-17.072313,6.971006,-3.5461388,0.08976063829787234,0.11460509,1910.9770677898143,2071.464572300303,3645.983626994681
a047.wav,a047,Angry,-196.96013,106.052086,4.8825274,2.419479,-20.52104,-16.34077,16.018286,-22.9228,-17.711525,9.504271,-13.618995,5.728483,-5.9887605,0.07540070064484126,0.13354051,1862.2593659055265,2181.712091993893,3583.48388671875
a048.wav,a048,Angry,-231.82652,99.46803,6.0123296,11.862262,-15.218002,-21.602163,19.242174,-11.646748,-19.614246,2.0762234,-23.282833,3.5414665,0.15518178,0.09487072172619047,0.10449019,2038.2825564521418,2172.906473893749,4025.5810546875
a049.wav,a049,Angry,-267.3839,85.45079,-45.423435,0.2718711,-24.631102,-2.508643,-17.557714,-13.327969,-24.276937,-17.248781,7.6305165,-2.1503248,-7.7580247,0.08817218864051095,0.12458917,1709.616057215513,1648.5601397614405,2924.8219733690694
a050.wav,a050,Angry,-242.42969,100.22645,-37.776497,11.723251,-10.327312,-4.3481994,-12.634721,-7.674841,-23.5546,-22.808416,0.12422953,-2.6974804,-8.86662,0.08945436115506329,0.10259566,1782.827315497395,1762.9139450845275,3156.454120104826
a051.wav,a051,Angry,-248.17216,115.43522,-41.624283,7.7164407,-13.549778,-17.630768,-1.7592024,-4.370508,-25.515911,-13.419285,1.2560159,1.7345846,-8.788861,0.09854517227564102,0.0877338,1751.0464005285787,1661.8970552936714,2931.7364032451924
a052.wav,a052,Angry,-185.21094,113.074196,-46.52831,7.2928295,-21.810646,-15.657854,-4.5481405,-7.020976,-32.82611,-17.171516,-0.6418315,-2.7254415,-5.43375,0.09914805406441718,0.12524286,1760.2252970887448,1584.0027694648925,2918.9379733032974
a053.wav,a053,Angry,-173.207,86.318344,-8.740489,6.4463305,-17.4363,-20.132467,11.230152,-24.892267,-24.36346,9.12833,-17.11891,11.571942,-6.090773,0.1041259765625,0.17023227,2208.5597441771274,2215.9226761386267,4225.018145586993
a054.wav,a054,Angry,-206.57681,130.91107,-2.8397605,-14.546161,-26.69972,-23.813467,24.310848,-22.223053,-24.03554,14.249317,-19.117659,4.1938972,-2.4490821,0.10721402554898649,0.12545276,1896.568529953727,1980.9777845045996,3243.5842153188346
a055.wav,a055,Angry,-220.71414,97.50812,0.99313945,-5.420318,-12.217047,-10.361507,18.38322,-20.074972,-20.292984,6.0692477,-15.400978,4.904721,3.77041,0.11493551320043104,0.09802453,2273.3904681443664,2347.0385137674934,4353.512468009159
a056.wav,a056,Angry,-242.7004,98.71795,13.615481,-4.6182804,-25.47579,-11.959836,10.936562,-13.447639,-14.533573,-2.9166987,-13.303141,2.9692674,2.3556163,0.09520828963926174,0.09385891,1973.776203577749,2155.544333121935,3657.1760958473155
a057.wav,a057,Angry,-224.41264,108.412384,12.428111,-11.83279,-25.36894,-17.773006,16.564163,-20.15756,-25.180313,7.9166193,-12.982418,12.1292,0.93594664,0.08803374191810345,0.10902388,1978.778239538346,2228.9942454091743,4025.2239358836205
a058.wav,a058,Angry,-177.05994,112.81958,-3.8946335,23.847301,-12.064012,-22.848145,14.480342,-22.018593,-13.572451,3.3400476,-15.447829,5.89545,-3.831944,0.1055753466109155,0.096541144,2122.230266562917,2148.2654604562554,4040.508431448063
a059.wav,a059,Angry,-203.6529,103.42148,11.994493,30.192934,-14.115802,-21.929588,16.109028,-21.555273,-17.644255,1.2070856,-20.524702,2.2004595,-4.629335,0.10565816945043104,0.09061321,2225.3777190416713,2279.71468826399,4409.108970905172
a060.wav,a060,Angry,-257.47287,151.15762,7.012716,11.664129,-18.815569,-21.884567,19.849272,-17.841625,-15.587959,1.3718677,-20.08156,1.8951001,-9.377629,0.05190641983695652,0.07596699,1325.4270763035538,1808.3685770755947,2400.2967900815215
a061.wav,a061,Angry,-264.30432,147.71663,2.353565,10.59714,-21.668179,-14.070915,22.775087,-16.212,-10.64854,4.024997,-9.847834,-0.45651048,-5.9694924,0.06655458860759493,0.06661334,1444.3647592256502,1794.2331133358857,2711.8888758405856
a062.wav,a062,Angry,-217.56232,122.9945,-14.731022,-3.5352874,-15.580923,-20.054886,21.570307,-25.67785,-24.830246,8.360227,-21.357176,7.0675006,-0.4028514,0.09274542136270492,0.11367062,1832.780239132916,1940.4652790566151,3298.9926197489754
a063.wav,a063,Angry,-242.42844,117.121826,27.451221,15.581346,-12.277907,-18.465122,-5.7638307,-15.07148,-16.652517,-9.775737,-15.3838005,-2.0658941,-8.63756,0.0499418075770548,0.12777017,1434.6942732288408,1978.8150399378605,2780.3642377461474
a064.wav,a064,Angry,-261.4009,149.3211,8.790305,12.367464,-12.873038,-19.47212,23.679283,-19.557373,-16.468847,7.311546,-16.747742,1.9274217,0.82793283,0.059060615405701754,0.07503141,1401.2642392424748,1928.0021225068378,2591.3509971217104
a065.WAV,a065,Angry,-144.11263,148.47495,-5.546201,24.058563,-6.585339,4.698979,-8.400117,-7.130346,-10.679057,8.1296625,-7.365343,7.084839,-7.170744,0.05025201612903226,0.22411056,1313.7537203359286,1656.202609648246,2525.2195690524195
a066.WAV,a066,Angry,-420.87463,115.93786,-10.234595,1.988878,-2.4074817,-15.463174,-8.921674,-20.45588,5.2970166,1.9874865,-5.9031672,-5.1221023,-13.608603,0.07379001524390244,0.033076845,1497.8079448829021,1774.0995090523643,2586.4790753620427
a067.wav,a067,Angry,-94.48241,124.630424,-13.029446,18.79356,-4.24578,-10.929778,-12.994748,-4.9004326,-10.855533,5.756056,-4.5049415,14.259682,-20.741686,0.0951355773133117,0.25247648,1809.8563644695455,1966.7728141016476,3395.1149680397725
a068.wav,a068,Angry,-237.66422,137.11226,-54.49098,27.94911,-13.915223,-25.093634,2.1032064,-23.735561,-14.659773,-12.966564,-11.927793,-8.399154,-10.056335,0.08942522321428571,0.10468402,1537.2255567649029,1319.5604589883935,2747.2412109375
a069.WAV,a069,Angry,-376.79327,87.78979,-28.013405,13.899486,1.8376924,-1.9169711,-3.7874858,-8.971399,7.9459376,5.5600057,-11.339065,-9.508757,-9.494053,0.09746844951923077,0.034884788,1957.6892992411715,1958.080227385257,3628.758826622596
a070.WAV,a070,Angry,-200.24306,99.13907,-21.217443,19.8657,-1.7323561,-1.7922417,-11.1029005,-3.2024364,0.18278976,7.9857144,-9.74695,8.29125,-13.644737,0.09852037931743421,0.12791114,2012.4154860903172,2008.1343558913286,4009.1424239309213
a071.wav,a071,Angry,-298.708,133.76048,-45.9222,34.853054,-7.7941866,4.711519,5.2760377,-15.015013,-0.50213075,-9.984248,14.659585,1.6293995,-15.152538,0.07412536287568305,0.051187307,1483.9092963216522,1500.7077363189055,2678.765769082992
a072.wav,a072,Angry,-250.82283,97.74747,-17.764748,19.834663,4.960318,-2.9734855,16.155975,-14.89308,-5.6953506,-8.28627,5.159237,-4.3815374,-11.4942255,0.10290825076219512,0.06703384,2064.1279755881787,2125.8822754783646,3774.2846977419968
a073.WAV,a073,Angry,-341.05612,100.42636,-21.542828,14.032803,-8.555516,7.7523003,-17.552776,-13.91967,-5.459031,-0.6114291,-2.7847083,-14.11598,-6.4380784,0.08628274936868686,0.07788546,1694.2306793932112,1686.4142070703294,3225.847833806818
a074.wav,a074,Angry,-121.61599,157.95464,-29.458948,15.693372,1.377973,-6.289336,-13.950622,-11.323257,-9.545831,14.048108,-5.1455855,3.6120708,-14.198397,0.06960771668632075,0.21707024,1327.756440706728,1534.0272012976366,2371.0900648584907
a075.wav,a075,Angry,-132.27226,142.6362,-15.911331,25.317612,-1.9009362,-5.789582,-8.896381,-9.771479,-12.808442,7.141005,-7.775929,11.337838,-12.074836,0.05497588087248322,0.24023049,1346.081887817854,1658.1389736935814,2457.4587418729025
a076.WAV,a076,Angry,-143.189,133.4277,-26.82635,23.712454,1.1986283,-8.006102,-9.983332,-10.017832,-13.117539,6.423413,-14.075168,8.495606,-12.844817,0.07110867834394904,0.2360468,1555.0664481035783,1770.677100298493,3015.745670780255
a077.WAV,a077,Angry,-254.67606,157.51927,-14.854618,25.569954,-22.391848,-4.9228787,7.118984,-16.723484,-20.512028,-7.829964,-3.5208077,5.939327,-6.7525363,0.056451612903225805,0.09499701,1158.6246673771764,1400.689396380699,2105.7388797883063
a078.WAV,a078,Angry,-272.94254,137.46704,-12.369061,29.687244,-5.299948,-5.403922,1.6103215,-6.343161,-11.375067,-6.2559934,3.8010585,0.98235667,-5.1215487,0.05787612452651515,0.055572327,1444.7565272425904,1759.3883651269948,2790.8336292613635
a079.WAV,a079,Angry,-250.57794,144.31856,0.84496194,25.059875,-14.693465,-5.265427,14.682663,-5.136246,-20.98179,-3.3117857,-4.9645925,-2.0918834,-3.527668,0.0556640625,0.09469967,1344.9528702783543,1599.1347086830392,2289.5851135253906
a080.wav,a080,Angry,-108.20677,124.9291,-10.903008,25.850155,-11.854534,-3.2856195,-12.21533,-18.079979,-9.866436,6.815418,-10.230897,-4.3863964,-4.3483315,0.08260257227891156,0.25300837,1679.6203671487094,1813.81861019924,3169.5556640625
a081.wav,a081,Angry,-112.44573,133.31311,-18.436325,25.03044,-11.883332,-0.32788572,-10.513717,-22.090136,-7.909431,7.645453,-7.4286604,-2.6900175,-3.5849166,0.07896205357142858,0.23564802,1597.7179013962427,1729.0890962749145,2964.2411665482955
a082.wav,a082,Angry,-293.62808,111.59898,-36.574646,32.982376,-3.5159674,-9.507312,9.528951,-23.69942,-7.8991456,0.7675754,11.524166,-7.322105,-2.0792773,0.08844658879950495,0.05404954,1768.850988256063,1764.1702679701505,3234.777469446163
a083.wav,a083,Angry,-113.02,123.438995,-10.918302,28.771193,-8.588069,-0.47595787,-15.39851,-11.229104,-9.611831,-1.2627704,-7.028778,2.3790586,-8.375248,0.08802568151595745,0.24377345,1745.6193125648813,1881.1111761431098,3381.8582737699467
a084.wav,a084,Angry,-242.84552,120.28031,-44.870335,19.983976,11.131688,-9.305626,2.850335,-3.307672,-7.02787,4.948806,5.2421856,-0.58031845,-11.520746,0.09343591638513514,0.07157161,1763.1699640401525,1666.4874027728417,2899.8822846283783
a085.WAV,a085,Angry,-269.68024,112.498375,-14.458358,22.344639,-17.365353,-29.058388,10.966122,-18.923586,-18.235601,0.6345093,-14.322675,-1.470436,-16.67241,0.07946640186095505,0.09740809,1666.4782241438143,1841.6266920065018,3305.104733584972
a086.WAV,a086,Angry,-282.29993,45.605633,-21.548616,4.9892693,-12.994178,-10.679154,-18.62674,1.3462896,-21.65312,4.6553664,-18.895666,-2.6457736,0.7861776,0.1285067471590909,0.06984245,2408.1638307099547,2260.324871172244,4630.046497691761
a087.WAV,a087,Angry,-343.3584,25.221582,-48.49475,-14.013454,-21.26602,-28.225895,-25.489435,-28.758055,-35.992264,-4.001369,-35.4687,1.4892467,-15.70304,0.1387952867445055,0.038389906,2636.021915652083,2230.7679804594777,4791.196852463942
a088.WAV,a088,Angry,-335.63358,105.956924,-10.985015,21.205801,-7.1489205,-17.774767,2.717744,-17.421343,-12.185042,-5.727889,-11.806097,-3.0979018,-17.562408,0.08263644366197183,0.07278579,1703.1452790054934,1918.6222619769053,3383.442451584507
a089.WAV,a089,Angry,-299.13785,115.45174,-14.268596,10.747903,-13.179509,-24.369553,1.6999295,-17.368433,-22.628412,-12.453519,-17.355864,-4.280011,-20.372158,0.07707248263888888,0.07755853,1554.3426566536498,1844.0896074938294,2928.1806640625
a090.WAV,a090,Angry,-286.54602,122.0064,-24.696104,28.952045,-19.853783,-33.007484,13.101385,-22.694841,-15.000735,-11.325086,-18.225306,3.7161276,-18.368456,0.06400174872819768,0.08424232,1515.7205058163133,1762.0862759785234,3041.8153274890988
a091.WAV,a091,Angry,-318.42825,110.60954,6.8679085,16.61516,-15.058624,-25.678568,7.853773,-13.154092,-26.059072,-8.5189295,-16.238855,-6.080626,-16.725355,0.05918359375,0.08543031,1431.098962190412,1957.0296440444881,2904.1400390625
h008.wav,h008,Happy,-138.01653,141.55322,-16.328146,19.35747,-4.6881037,-1.5790446,-11.724894,-8.433667,-11.142484,17.307154,-10.992216,9.038475,-13.468335,0.05963186055672269,0.24015625,1382.0197294168365,1704.563330230354,2581.903435202206
h009.wav,h009,Happy,-119.04943,123.5484,-15.24276,25.859995,5.9015174,2.086685,-17.051453,-15.246679,-17.691246,11.979159,-17.826168,10.48917,-4.577627,0.07740266658057851,0.211357,1725.3463309669805,1955.002564788605,3423.6903166967977
h010.wav,h010,Happy,-144.5946,111.02251,-15.660713,32.015472,3.897337,-2.2388172,-23.895714,-4.468634,-4.66457,9.403743,-11.670065,10.966124,-8.279333,0.11115264892578125,0.1529603,2031.2628931139225,2036.063523982863,3963.3710861206055
n001.WAV,n001,Normal,-305.59338,85.14764,-42.3123,1.9488405,-33.211685,-25.23852,-13.534919,-31.628082,-14.187121,-23.239061,-18.848017,-22.655407,-12.180042,0.09003621122262774,0.06357198,1838.8170727605154,1817.219577707612,3158.3079094434306
n002.WAV,n002,Normal,-349.72214,90.507706,-23.498318,-3.1050823,-25.062977,-25.96725,-15.558136,-33.049416,-14.285533,-23.837631,-20.062258,-18.525791,-19.276268,0.07671693313953488,0.0579173,1638.4450476001373,1846.6064373844745,2923.8417514534885
n003.WAV,n003,Normal,-378.16977,84.88065,-57.11505,2.771388,-44.972546,-30.60649,-3.1495473,-39.55422,-11.083751,-15.2365465,-19.847658,-11.018422,-26.00505,0.07687886555989583,0.027549004,1782.55907081709,1790.236017941753,3379.5913696289062
n004.WAV,n004,Normal,-485.4921,40.065437,-26.009735,1.9484488,-16.24699,-16.894485,-15.28686,-7.438572,-20.10385,-6.8810334,-12.504471,-2.7229924,-4.9203534,0.4398461318597561,0.025559649,3413.6048537926386,2399.937591790887,5939.093761909298
n005.WAV,n005,Normal,-295.08502,84.48678,-24.128403,11.770231,-18.303486,-21.430258,-12.0057,-10.595383,-23.317616,-6.373777,-18.986498,3.1114087,-8.366349,0.09574558423913043,0.072619565,1883.8206191950044,1917.2003275432373,3560.535198709239
n006.WAV,n006,Normal,-233.89165,90.70241,-49.745586,6.4382424,-20.584206,-21.170053,-14.900514,-8.336187,-28.456242,-3.7295403,-19.412876,3.7597759,-7.643383,0.08688774794161677,0.11203628,1819.6519782516211,1810.1395723743387,3515.5855281624254
n007.WAV,n007,Normal,-405.76324,93.26512,-34.557102,-33.250423,-43.246952,-27.787046,4.052662,-27.534883,-18.362127,-9.018667,-19.61447,-2.121604,-19.33882,0.11391977163461539,0.045343637,1655.2456683235034,1792.85517472265,2680.469689002404
n008.WAV,n008,Normal,-337.63846,47.01109,-45.06425,-2.4849532,-24.375029,-32.164864,-17.747303,-31.76912,-14.090303,-18.051281,-12.726124,-12.327725,-12.971332,0.11572582690746754,0.066448845,2178.5626708217633,1978.1037441569456,3680.4299094460225
n009.WAV,n009,Normal,-307.34158,76.036415,-29.51217,14.355877,-22.03393,-21.690035,-26.640465,-24.153551,-28.373297,-9.539931,-23.769804,-0.67497545,-17.083965,0.12875651041666666,0.043139927,2192.7039639769773,2051.2461898808847,4187.9208984375
n010.WAV,n010,Normal,-401.02274,73.98092,-15.068997,-0.19867508,-16.847315,-6.190601,0.8740992,-2.882817,-11.713571,-3.3308346,-5.532055,-2.4341342,-4.7502193,0.0875064036885246,0.04519417,1885.8542897248462,2085.29381871886,3978.1710265112706
n011.WAV,n011,Normal,-562.3687,28.629805,-14.780961,-3.5385091,-10.551127,-4.24174,-7.9894276,-3.050275,-10.70041,-2.8300307,-3.323023,-2.1642847,-1.4757475,0.4742310378725166,0.011226365,3833.21637114532,2768.9220175576665,7078.6483663596855
n012.WAV,n012,Normal,-453.47025,94.97469,-17.43845,-6.6059065,-28.181108,-15.188296,-23.041574,-33.91009,-21.99466,-19.775572,-12.32111,-18.462301,-17.952497,0.06847642872431507,0.01959981,1399.0732035654469,1687.946444749783,2465.846733197774
n013.WAV,n013,Normal,-384.7453,80.42996,-22.63737,3.4524226,-26.195822,-25.9462,-22.770233,-9.442797,-30.0921,-14.447144,-19.003933,-6.578842,-15.563532,0.12095276738556338,0.032475147,1884.4084641643874,1911.6775837840273,3453.425361740757
n014.WAV,n014,Normal,-416.35605,61.593372,-2.7964742,9.863399,-7.473761,-6.9150515,-0.42962417,-5.3676248,-9.834766,4.032636,-7.043852,-1.7742729,-4.4797654,0.07679814877717392,0.048691303,1953.367164622326,2341.809393832829,4523.494023862092
n015.WAV,n015,Normal,-337.4707,105.06066,-42.459335,-3.4959638,-34.608887,-30.0835,-14.139884,-14.335389,-33.445778,-12.802907,-16.864517,-0.84343106,-9.30166,0.08741497171336207,0.040145542,1631.5044430842077,1759.4445642203734,3121.1078512257545
n016.WAV,n016,Normal,-271.87427,88.48523,-31.763834,23.548967,-10.193229,-6.387829,11.416237,-2.9864695,-13.175959,-6.319988,-11.302076,0.13133381,10.998561,0.11018172554347826,0.07178106,2176.8704961740686,1877.3952475875096,3874.759468410326
n017.WAV,n017,Normal,-438.9215,89.22986,-37.93027,-1.6519828,-30.188486,-33.81671,-3.9091315,-39.436356,-10.0305,-16.086672,-20.350605,-8.527886,-26.873281,0.07796717171717171,0.018520828,1692.223487236332,1884.778187798775,3126.9908558238635
n018.wav,n018,Normal,-334.2277,65.20131,-41.34081,-4.1297235,-28.326319,-19.745943,-25.095482,-12.995204,-27.372618,-12.423582,-12.446631,-5.738478,-10.539332,0.16187274639423077,0.050177764,2196.584186545687,1916.2103342092528,3902.147686298077
n019.WAV,n019,Normal,-425.2505,62.882504,-30.118513,2.339543,-16.922846,-16.253702,-17.54756,-11.346189,-24.437544,-6.0759125,-8.329403,-0.32278886,-4.137488,0.22926259830298013,0.032044794,2786.6261028175772,2248.245942860805,5155.990014486755
n020.WAV,n020,Normal,-321.72226,71.59749,-37.212036,6.6209636,-31.755495,-16.14883,-24.014523,-18.258308,-39.568172,-3.7577555,-19.576622,-6.3015947,-9.497049,0.16205999824438203,0.049702343,2277.7544201233,2126.9812783912143,4493.181070049157
n021.WAV,n021,Normal,-326.92245,79.01104,-24.97718,12.885287,-29.895433,-20.804016,-27.975662,-13.601788,-33.89865,-16.620018,-22.982573,-8.514853,-12.859014,0.0902820265436747,0.046938103,1844.4459249848085,1967.545989559497,3554.2756965361446
n022.WAV,n022,Normal,-463.47858,37.74521,-14.6889515,-6.38993,-17.359434,-24.439972,-13.493718,-11.280841,-10.275503,-6.451735,-17.268463,-9.350628,-16.240425,0.23433540962837837,0.022041975,2915.33250146464,2461.492234488018,5413.660657728041
n023.WAV,n023,Normal,-339.14288,83.39605,-41.732086,10.307837,-18.336168,-19.707693,-21.86647,-28.488821,-18.06458,-14.89813,-10.4130125,3.5503716,-20.754889,0.09549753289473684,0.042508233,1828.442443159748,1830.9774978304513,3471.3790090460525
n024.WAV,n024,Normal,-310.59283,79.25966,-32.028973,16.009054,-36.179485,-22.37394,-21.402012,-31.406115,-18.359585,-17.318424,-9.207734,-24.406765,-14.664114,0.07590704449152542,0.08333032,1696.3958768653167,1778.0068438182611,3192.7535752118642
n025.WAV,n025,Normal,-563.0248,53.902264,-26.896128,1.929159,-29.770164,-17.121399,-4.6985583,-24.472036,-7.7818136,-9.492645,-6.59799,-6.4099708,-15.206391,0.27685853970125784,0.008435945,2703.9880716083308,2161.8928269808443,4892.303121314859
n026.WAV,n026,Normal,-314.8709,82.250046,-16.833187,17.67881,-16.369717,-21.99642,-13.133648,-4.5250955,-22.883896,-6.17807,-18.920105,0.57814384,-7.6481566,0.07766976033834587,0.0724977,1698.2049416610778,1923.0954062777294,3279.0373149671054
n027.WAV,n027,Normal,-506.95328,60.854805,7.434969,13.949314,-0.79698807,-2.6879468,2.4736032,-0.65794706,-3.8334494,-1.5852363,-0.59460574,2.008194,0.58973044,0.0768198457154088,0.02494424,1894.1611387451753,2294.576321908341,4293.8425891804245
n028.WAV,n028,Normal,-355.90027,75.87801,-24.524645,7.999611,-11.309544,-13.543254,-11.143158,-7.3709335,-8.105095,-4.7693467,-6.882763,4.2808614,-5.6056685,0.08681233723958333,0.06406472,1891.242002029776,2088.8020440737914,4058.2237243652344
n029.WAV,n029,Normal,-527.514,42.891487,-13.047397,-0.16076644,-15.80006,-10.22372,-5.5427694,-2.3990293,-11.801386,-5.070659,-8.760791,-1.7913542,-3.8202844,0.34044828869047616,0.020568317,3402.1276015958583,2614.5848537829143,6272.57080078125
n030.WAV,n030,Normal,-471.02478,94.87608,-27.58412,-8.047182,-27.894566,-15.217393,-9.368674,-10.1812315,-25.698235,-10.5994425,-18.165047,-10.749724,4.466215,0.15407636088709678,0.024914932,1993.5457996609812,1765.555468787164,3555.409683719758
n031.WAV,n031,Normal,-499.06134,45.691483,-14.790155,3.4799597,-12.092909,-15.219275,-10.891139,-0.9914745,-12.5548725,-7.9774795,-10.611948,-8.505306,-6.097096,0.29603855298913045,0.025344048,3158.464811848781,2420.4141049702794,5786.814283288043
n032.WAV,n032,Normal,-524.7792,32.143845,-11.095399,-0.305401,-7.1356993,-9.155848,-4.185854,-6.5967684,-4.657173,-5.32958,-4.1057124,-0.9595425,-5.5673747,0.20126724243164062,0.018613659,3379.742708436061,2846.9852479131287,6740.313148498535
n033.WAV,n033,Normal,-567.7986,42.076183,-1.2149373,1.1392401,-13.0585575,-12.838494,-3.998377,-4.551313,-12.106725,-3.6933,-5.9062033,-5.9107294,-4.3519077,0.290566147557947,0.014894983,3337.403734050179,2568.653261566102,6137.818514590232
n034.WAV,n034,Normal,-534.7049,26.621565,-5.457675,1.8160883,-7.5182867,-2.018634,-7.207403,-4.3294516,-10.552574,-4.2295413,-2.3322804,-2.6049013,-1.6407683,0.38596175020973156,0.015877003,3749.9145698965285,2722.995593374538,6837.297805683725
n035.wav,n035,Normal,-391.0612,88.96337,-39.681927,18.125721,-21.270826,-28.136818,-12.283851,-21.147726,-19.396765,-13.578885,-28.267462,-0.63228476,-18.359694,0.1133880615234375,0.03969687,1875.2337672193626,1854.1821587041516,3863.5276794433594
n036.WAV,n036,Normal,-364.99265,74.66772,-41.071644,-14.0090475,-34.760506,-16.398983,-23.603104,-13.778952,-31.545242,-7.6322465,-15.917765,-15.312066,-12.8682785,0.10693890115489131,0.04346845,1928.5228806010011,1961.7543273876724,3575.5649732506795
n037.WAV,n037,Normal,-587.4629,21.70852,-14.422187,-6.7433553,-8.365669,-2.0300272,-6.1043954,-4.3018503,-8.800079,-2.401987,-4.5903563,-6.316229,-5.1873164,0.35153702445652174,0.011936068,3997.7519688342586,2856.1710724645086,7335.332455842391
n038.WAV,n038,Normal,-431.22482,76.504974,-38.712654,12.779322,-47.252712,-37.67486,0.2753001,-32.263832,-17.50696,-18.886612,-13.477419,-14.208922,-25.24976,0.09834671020507812,0.018877938,1892.160840990073,1835.845390760837,3361.618995666504
n039.WAV,n039,Normal,-235.48637,91.61228,-40.565346,1.3534076,-27.804317,-24.002308,-11.045391,-8.662653,-20.770082,-5.3131323,-12.687682,3.5847514,-10.258583,0.10210356841216216,0.111482695,1883.986824762821,1869.756044533959,3578.6583152977196
n040.WAV,n040,Normal,-404.44174,60.635296,-19.180758,0.7858862,-22.31223,-30.863817,-7.442739,-19.719957,-14.307852,-9.871119,-16.13404,-13.270788,-11.910261,0.16754667637711865,0.04612662,2428.6599416151685,2121.956193394419,4285.563633805615
n041.WAV,n041,Normal,-563.12744,35.526115,-8.899221,-6.8537292,-11.615231,-10.859958,-4.607746,-4.0223017,-9.556816,-3.6598756,-6.578157,-1.4137322,-4.197193,0.2882754677220395,0.017762125,3436.6616669290283,2666.4057001444075,6426.031975997122
n042.wav,n042,Normal,-258.08923,97.263435,-23.43778,12.309466,-33.507706,-23.19495,-15.951209,-3.6234717,-31.003178,-5.0685086,-19.317713,-2.996394,-13.786074,0.07612179487179487,0.09199326,1697.7451337292975,1848.43465267768,3302.7240459735576
n043.WAV,n043,Normal,-373.88098,56.99378,-62.318817,-4.075358,-16.262968,-17.650185,-7.058074,-33.979633,-4.970621,-24.390577,-16.315971,-17.619364,-17.859005,0.13916611089939024,0.024769144,2401.9469709163345,2012.329958783376,3974.3202767721036
n044.WAV,n044,Normal,-521.1889,37.29425,-16.473091,-5.963383,-18.527388,-9.013203,-5.2767825,-5.8221555,-15.017857,-3.283056,-1.525094,-1.71114,0.28893167,0.3326822916666667,0.020011282,3500.3334420117203,2657.1400552201103,6516.855037913603
n045.WAV,n045,Normal,-440.97546,53.817173,1.4450102,5.014325,-1.8424822,-1.5258576,-1.063404,0.27487954,-10.652379,0.42098513,-6.3939424,-1.9940611,-3.8218293,0.06978689789012739,0.04243994,1884.6832138905231,2332.634869424139,4219.273425059713
n046.WAV,n046,Normal,-512.35095,15.640471,-9.4437685,14.782455,-9.760236,-15.296146,-18.994757,-11.948365,-14.495081,-8.644682,-17.984581,-0.23904434,-10.0870285,0.3929275811887255,0.019451443,4220.882200802564,2411.8366852042427,6792.881146599265
n047.wav,n047,Normal,-260.87366,89.89042,-27.32168,9.581145,-18.470327,-16.60239,-14.760404,-15.029718,-30.095785,-3.7623296,-15.863149,5.803023,-11.979666,0.0868255615234375,0.087617874,1807.7685536921067,1917.9717343970551,3545.3746032714844
n048.WAV,n048,Normal,-380.9911,51.519413,-8.572183,9.894981,-4.5730286,-8.333864,-9.615472,-3.995062,-13.262328,-3.437794,-10.36491,2.9981582,-8.806525,0.06876273777173914,0.058281407,1986.2999217940837,2316.265717006504,4443.095596976902
n049.WAV,n049,Normal,-447.49857,72.66779,-54.898365,2.9072344,-41.69029,-29.218727,-3.9747612,-37.033005,-9.265023,-10.330207,-14.984902,-11.790292,-20.769547,0.11515696455792683,0.016534455,2010.8060066056905,1914.1265796149523,3822.274854706555
n050.WAV,n050,Normal,-470.73563,48.421833,-23.890045,-5.946753,-25.005745,-14.186929,-16.417795,-8.637794,-20.787271,-5.1430273,-10.744606,-7.8214803,-6.7881536,0.20826000171703296,0.028921712,2892.7418201229743,2439.4930975729926,5471.089993990385
n051.WAV,n051,Normal,-441.1766,61.44014,-10.235355,-7.0180035,-29.440405,-24.250494,-4.038197,-8.899042,-18.055075,-6.5776544,-18.392723,-3.5516405,-8.469245,0.16944969093406592,0.038168292,2436.685751753194,2315.5768852673423,4660.518704927885
n052.WAV,n052,Normal,-484.8394,40.716595,-14.543716,0.17964157,-16.757444,-8.394997,-5.3311453,-12.199852,-12.403444,-5.083499,-6.1373453,0.83834636,-7.3861694,0.26064947587025317,0.020096712,3316.577585957038,2462.8889329437893,6084.969745104826
n053.WAV,n053,Normal,-412.07156,69.91448,-17.952557,-18.870625,-25.76655,-20.976782,-11.649666,-22.512096,-25.58675,-10.371573,-20.747116,-12.148013,-14.257066,0.14283662683823528,0.02964636,2214.667494515595,2136.306892152833,4051.9516888786766
n054.wav,n054,Normal,-364.88345,97.616165,-39.456448,2.2772062,-21.097918,-34.066784,-24.021189,-9.358997,-31.89033,-12.595195,-27.025234,-11.875648,-18.073208,0.06659980292792793,0.04079957,1604.793337413107,1806.5733894365717,2915.7120988175675
n055.WAV,n055,Normal,-302.71463,92.60877,-36.42865,15.901882,-30.854877,-34.474518,-6.6335044,-39.760685,-15.959666,-29.224075,-12.173299,-24.101248,-17.735224,0.06769831730769231,0.06686931,1660.306418671506,1849.3458128367768,2999.243915264423
n056.WAV,n056,Normal,-587.1619,43.04027,-13.237151,-3.9153295,-10.318506,-7.9609637,-1.9807574,-9.872365,-8.592294,-2.2640045,-7.350242,-2.441333,-7.603565,0.30264696662808643,0.0134416865,3390.1644739026856,2598.3157627873084,6418.755425347223
n057.WAV,n057,Normal,-371.97028,84.98385,-27.342701,2.1815522,-32.91557,-34.453453,-17.335474,-15.721061,-32.226658,-9.328642,-21.258112,-8.968518,-10.713033,0.08361187177835051,0.044852354,1619.0410315299382,1593.8525467345166,2768.570544056057
n058.WAV,n058,Normal,-470.90338,50.36109,-5.3384213,8.55335,-5.6236277,2.2507715,3.3891544,-0.008416636,-5.8584776,3.3017373,-1.9256338,-0.26553267,0.48828003,0.12904515759698276,0.023666164,2391.4559651583404,2354.319007334364,4948.181573275862
n059.wav,n059,Normal,-334.43912,83.018005,-42.063316,3.6788359,-30.236101,-25.840559,-20.392464,-13.635294,-29.819633,-8.403842,-22.739502,-7.369664,-14.687473,0.08563316031678082,0.046642438,1808.4449183087843,1816.8912518569105,3309.402591235017
n060.WAV,n060,Normal,-366.5292,101.64405,-26.781784,-6.3170676,-30.276083,-24.427687,-17.453175,-8.046581,-33.702198,-12.457738,-23.532331,-6.840931,-7.5650496,0.07762988964160839,0.041486587,1500.8386769111787,1744.8736545141844,2766.6401469624125
n061.WAV,n061,Normal,-372.79178,99.328735,-30.979008,1.3373042,-35.59075,-28.556807,-6.646186,-19.255636,-27.454603,-11.971171,-25.923727,-1.7799561,-17.521528,0.08782958984375,0.039521642,1665.0643987340904,1780.9627478139264,3238.2476806640625
n062.WAV,n062,Normal,-549.1438,51.623672,-12.338444,-3.9712324,-22.2353,-14.316428,-3.9652011,-3.5313263,-17.94809,-5.1301703,-7.8247743,-3.1758842,-2.1559892,0.4181923902671756,0.015888555,3316.5956055682304,2497.420158566299,6051.734143905057
n063.WAV,n063,Normal,-327.29758,99.019035,-36.789707,12.708987,-28.283012,-28.866508,-24.390432,-11.733667,-33.40401,-14.10989,-17.898224,-16.37223,-10.521963,0.07432543329831932,0.060794957,1502.7426142246222,1651.8424484210357,2832.430491727941
n064.WAV,n064,Normal,-405.34628,64.47948,-35.17023,-25.09088,-33.926815,-34.677113,-24.532646,-20.034096,-34.996468,-9.73882,-24.31232,-12.935139,-23.879726,0.11226399739583333,0.022178866,2058.462005061023,2164.4233755949404,3802.2552490234375
n065.WAV,n065,Normal,-472.7585,56.60151,-22.18562,4.728007,-22.937887,-20.205378,-5.63389,-4.614997,-18.747429,-7.8236003,-8.944154,-5.04245,-2.6161292,0.2725092290521978,0.026714899,2938.0678361443524,2314.915312468023,5483.986253004808
n066.WAV,n066,Normal,-466.01324,61.79816,-11.037567,3.1879492,-20.807526,-21.168932,-16.425173,-4.895994,-21.072865,-13.050733,-20.693104,-8.8327875,-7.976466,0.18340357730263157,0.027183332,2438.0507523832516,2240.9696857515823,4617.058747944079
n067.WAV,n067,Normal,-388.91373,83.71734,-47.133266,-18.191828,-31.623774,-12.305808,-16.657675,1.5171685,-27.747593,-10.08953,-2.720559,-8.104876,-5.595792,0.17054578993055555,0.042896014,2065.6243648431787,1908.152886023561,3759.81689453125
n068.WAV,n068,Normal,-348.4518,83.53911,-14.736129,5.4588547,-13.652788,-12.5872965,-7.859084,-12.868879,-15.615273,-1.4032339,-7.272174,-0.5236962,-7.6625333,0.07417534722222222,0.06129646,1767.664643273435,2046.2639565525812,3702.9931640625
n069.wav,n069,Normal,-400.96234,53.917046,-25.969458,1.778955,-19.969967,-28.864635,-9.579967,-21.539865,-27.726322,-16.688635,-16.792963,-14.792738,-28.605326,0.09761531624251497,0.032032676,1974.513418608462,2031.9327246500047,3397.023969638847
n070.WAV,n070,Normal,-380.1165,47.345615,-48.182957,0.6294072,-39.545563,-30.831844,-15.247902,-35.289284,-9.063761,-18.388628,-19.18063,-15.419502,-17.209631,0.12618504213483145,0.022253698,2455.324402278342,2165.5823111252753,4527.476930082514
n071.WAV,n071,Normal,-337.35876,108.31548,-28.841948,-0.754184,-43.831554,-31.861925,-20.807074,-7.2487187,-36.156292,-14.422639,-18.728964,-13.51753,-8.949864,0.06663892093120806,0.059655644,1343.094550980068,1541.5039661065473,2338.8093474727348
n072.WAV,n072,Normal,-355.22348,109.77638,-32.880333,-5.1123905,-35.833996,-22.68804,-14.133317,-10.439265,-29.907316,-15.877124,-14.475956,-13.43428,-7.1602993,0.08128293731508876,0.049658284,1375.296340847875,1561.5330060223723,2403.755287305843
n073.WAV,n073,Normal,-386.7827,76.05383,-25.919575,4.7353168,-30.129763,-27.250599,-22.443455,-11.948211,-21.78928,-12.725524,-17.71106,-9.095032,-11.326127,0.10583102318548387,0.04628981,1876.013600282305,1910.5379413185651,3654.8560357862902
n074.WAV,n074,Normal,-236.23462,94.18758,-30.305681,-2.1757069,-29.768393,-21.58879,-17.256231,-4.1992,-27.955767,-8.570182,-19.207687,-5.4416184,-14.27597,0.07703993055555555,0.09162166,1803.156262443485,1926.3281182432659,3309.1530539772725
n075.wav,n075,Normal,-292.63174,70.82449,-25.585558,10.380748,-13.117733,-15.424187,-17.812632,-5.4242425,-20.367826,-5.283576,-16.842947,0.061201952,-8.395573,0.10044811617943548,0.07252657,2057.554309946053,2068.2820960230256,4132.551623928932
n076.wav,n076,Normal,-273.6204,97.72318,-26.79737,-0.8634822,-36.580044,-18.418303,-14.418375,-10.802019,-31.53938,-3.424183,-10.071305,0.85192215,-3.2462947,0.09782965829439252,0.09238106,1749.441286753345,1859.3448891070332,3333.7222090391356
n077.WAV,n077,Normal,-267.57025,83.977806,-17.767784,12.5039425,-17.22262,-19.13205,-13.26996,-10.748709,-28.211071,-9.4060135,-21.709204,-1.1030711,-14.5667,0.08225949981508876,0.09745175,1813.6250340965585,1968.2673719905415,3497.616522975222
n078.WAV,n078,Normal,-246.60632,89.56539,-25.584248,4.6549892,-24.666273,-15.4088125,-17.33729,-9.704352,-32.95478,-4.570061,-14.240058,-2.2651463,-10.691299,0.07480524874281609,0.112809375,1746.9215868356673,1937.6057868737503,3390.0563207165947
n079.wav,n079,Normal,-385.04645,97.907906,-26.316051,8.977503,-29.206,-25.7906,-11.410683,-23.009422,-21.649517,-17.290197,-25.306564,-3.5341458,-21.35204,0.0915863037109375,0.03644992,1596.7609933247354,1732.5014901714137,2958.998565673828
n080.WAV,n080,Normal,-358.80414,103.5855,-45.959595,6.1685677,-30.857628,-24.835049,-12.093682,-30.827291,-20.801445,-18.862804,-17.108995,0.9727609,-17.811415,0.09148888221153846,0.03844567,1587.696938882701,1636.507933114483,3012.826397235577
n081.WAV,n081,Normal,-321.2023,78.78205,-44.140667,-5.611593,-30.453691,-22.234701,-24.065657,-17.95449,-31.806797,-13.01245,-17.279892,-5.850558,-15.770469,0.1448249264039855,0.04463599,2176.115412162475,1828.025141066492,3690.5257515285325
n082.WAV,n082,Normal,-357.18527,83.84198,-25.865328,-1.2987667,-34.681927,-24.966522,-21.308273,-12.072762,-31.143332,-12.749226,-19.13159,-4.3084044,-5.68835,0.08240645559210526,0.046016272,1691.472389849082,1877.3012934395158,3223.7471731085525
n083.wav,n083,Normal,-323.397,70.943344,-39.88222,-4.1860075,-33.312782,-18.201574,-23.137209,-6.7023115,-28.259014,-6.2728,-15.351279,-8.643084,-10.708452,0.13991838160569106,0.048955116,2221.904300370566,1854.6536148261107,3839.475157202744
n084.WAV,n084,Normal,-326.37125,87.5864,-31.793262,5.080323,-32.3334,-25.481285,-22.54914,-8.58215,-38.191605,-14.5557995,-17.221676,-9.440634,-11.195305,0.07228515625,0.057153717,1561.3877114327493,1784.991068161659,2975.02734375
n085.WAV,n085,Normal,-308.55588,80.21947,-39.608112,3.9696999,-30.960497,-23.435246,-25.715927,-10.006346,-30.608168,-13.599694,-18.454428,-6.0469165,-10.109802,0.09744653946314102,0.060699683,1874.36156239854,1869.2590146566722,3553.3235990084136
n086.WAV,n086,Normal,-332.40088,102.71928,-54.460125,-7.634666,-31.873632,-22.481718,-23.572348,-9.320051,-22.729052,-13.796458,-15.515793,-10.4661,-12.983397,0.08506120954241071,0.047747225,1582.3863587921637,1657.1501568894143,2919.0948486328125
n087.WAV,n087,Normal,-444.6575,59.65552,-23.689907,-7.8324885,-24.174572,-15.670723,-10.863617,-8.393214,-21.452263,-5.127251,-13.189287,-9.151606,-7.343159,0.19727099072802198,0.03514442,2700.234767892289,2320.719282493165,5172.464693509615
n088.wav,n088,Normal,-333.7921,98.84062,-39.499916,-5.308087,-29.490976,-33.38831,-25.510899,-17.15223,-32.79749,-12.97786,-23.91448,-2.1905594,-17.39502,0.08368073792016807,0.04779221,1641.173897604077,1770.657623384086,3138.7810202205883
n089.WAV,n089,Normal,-317.50412,100.344345,-40.0738,-8.97308,-34.75683,-31.331963,-23.339897,-14.728285,-32.558838,-14.372123,-23.03095,-4.4421105,-16.647053,0.09071180555555555,0.052072044,1687.2640064884201,1770.480803755287,3182.4479166666665
n090.WAV,n090,Normal,-291.11035,96.830055,-21.531061,6.151228,-23.537996,-11.183444,-11.109399,-10.153918,-26.484343,-2.6926055,-11.605503,5.0291715,-2.0615544,0.10539524529569892,0.0712576,1905.8051022417935,1900.3373087650145,3676.9680884576615
n091.WAV,n091,Normal,-291.11035,96.830055,-21.531061,6.151228,-23.537996,-11.183444,-11.109399,-10.153918,-26.484343,-2.6926055,-11.605503,5.0291715,-2.0615544,0.10539524529569892,0.0712576,1905.8051022417935,1900.3373087650145,3676.9680884576615
n092.wav,n092,Normal,-259.86554,98.225,-28.496595,-11.899128,-33.136723,-11.814286,-5.9255357,-2.7198112,-24.092741,-7.2291455,-15.016716,-1.9539006,-8.245057,0.11011529737903226,0.08294511,1816.526978818471,1853.161712557291,3419.6115801411293
n093.WAV,n093,Normal,-259.86554,98.225,-28.496595,-11.899128,-33.136723,-11.814286,-5.9255357,-2.7198112,-24.092741,-7.2291455,-15.016716,-1.9539006,-8.245057,0.11011529737903226,0.08294511,1816.526978818471,1853.161712557291,3419.6115801411293
n094.wav,n094,Normal,-296.61954,90.74826,-28.818598,17.166811,-15.859544,-21.639132,-13.464312,-9.1262865,-23.980415,-5.9744697,-14.719681,1.7280306,-10.147274,0.07528652987637363,0.08319382,1708.8147104384566,1842.2734393843323,3288.072791466346
n095.WAV,n095,Normal,-229.58768,74.02295,-36.718906,-6.3028164,-27.109848,-14.72176,-15.679492,-12.506529,-19.813164,-0.2902813,-12.331088,3.420087,-8.697776,0.15253997517523366,0.09456878,2410.035378564692,1994.4572221601238,4327.570093457944
n096.WAV,n096,Normal,-338.49612,68.36667,-44.703964,9.547468,-27.780441,-26.25684,-23.134605,-12.805335,-29.869389,-11.698054,-17.252316,-9.013902,-8.769897,0.1365017361111111,0.050573777,2220.607130724658,1930.2000820864682,4087.443659855769
n097.WAV,n097,Normal,-309.5363,57.44609,-39.629433,12.012949,-22.93026,-24.177902,-29.882816,-13.504247,-34.74992,-9.16688,-14.78304,-7.990168,-11.730931,0.12235863095238095,0.06290746,2140.4173123866335,2025.837998311101,4009.27734375
n098.WAV,n098,Normal,-301.39926,70.85806,-52.513355,5.6634903,-29.179039,-19.853907,-25.140568,-17.89176,-34.186333,-10.838973,-12.543227,-6.9098873,-9.018614,0.11593792002688172,0.051092923,2100.8721339858034,1945.320361351718,4045.5794795866937
n099.WAV,n099,Normal,-374.7169,83.327385,-35.011425,1.133252,-26.290787,-21.309889,-24.116,-8.483616,-32.38792,-17.555635,-18.742283,-5.386545,-8.797096,0.12523101478494625,0.035649255,1979.535423397248,1897.434769718863,3630.3128150201615
n100.WAV,n100,Normal,-331.006,95.74465,-31.983177,-12.2394905,-40.470398,-19.528076,-20.026018,-10.122272,-32.936993,-13.97413,-18.672182,-9.328252,-11.625256,0.12961647727272727,0.046813454,1938.1916866885601,1817.7187390585889,3417.6890980113635
n101.WAV,n101,Normal,-344.3713,87.90025,-39.854057,-6.7875123,-32.77928,-30.39617,-31.403238,-20.680294,-39.58573,-10.288041,-26.155565,-6.9916816,-7.50623,0.0698902027027027,0.04987284,1547.2956267550646,1782.0089915594765,2851.985457136824
n102.WAV,n102,Normal,-321.43716,78.170654,-30.057484,-1.4416904,-30.03525,-21.229847,-26.481594,-12.554863,-39.958427,-12.493532,-25.886965,-8.218221,-12.427366,0.09946154673165138,0.053213537,1909.6395682497687,1997.2599975610544,3672.003789779243
n103.WAV,n103,Normal,-304.16254,85.91788,-47.724636,-6.751777,-27.375067,-24.787247,-26.433191,-14.415207,-33.22125,-14.370821,-20.274193,-7.1782527,-10.711622,0.08690137987012987,0.06405353,1713.3074039761107,1817.0088115976057,3149.6504350142045
n104.WAV,n104,Normal,-250.82808,82.206024,-30.910774,7.824452,-24.215326,-23.576649,-12.320484,-8.491037,-18.208117,-5.551691,-22.285051,5.1278667,-11.128236,0.10758833451704546,0.10910597,1982.612080118181,1990.8857908512916,3868.513350053267
n105.WAV,n105,Normal,-348.15985,74.06826,-36.626823,-3.5839465,-30.793812,-24.171942,-17.696991,-10.043901,-31.489351,-16.047817,-15.371062,-2.2776573,-13.289537,0.0829934512867647,0.043686744,1842.4770748727356,1925.5462914819125,3597.4171357996324
n106.WAV,n106,Normal,-334.2787,56.46579,-39.916332,18.411278,-27.635857,-33.99278,-11.026268,-24.4738,-29.436401,-17.0814,-29.398575,0.4136333,-22.184704,0.1009205005787037,0.045199774,2179.4985491798275,2050.768651806483,3948.651123046875
n107.wav,n107,Normal,-383.50528,95.38078,-26.42594,-2.0107036,-29.260101,-23.321272,-19.624334,-20.492895,-24.906116,-14.617174,-19.744423,-2.6929498,-19.82829,0.10354225852272728,0.03171924,1703.7692476899376,1781.0887362307435,3047.8291459517045
n108.WAV,n108,Normal,-325.9014,105.18155,-50.97627,-0.4171058,-23.642475,-27.95652,-11.0163965,-37.815907,-13.580951,-18.25335,-15.931709,-17.748014,-15.056993,0.06979796706989247,0.058451027,1504.8884043651933,1605.7420417031014,2568.0081275201615
n109.WAV,n109,Normal,-338.079,117.364845,-35.161552,3.3092735,-31.053099,-27.825716,-14.433015,-29.420002,-10.087846,-22.810846,-16.558636,-19.481392,-12.704559,0.0479833984375,0.05313419,1276.0398620331666,1555.2035254311052,2339.7978515625
n110.WAV,n110,Normal,-317.21964,64.65547,-48.041515,-8.698814,-19.023134,-21.359348,-12.91345,-34.195103,-14.476988,-25.403315,-23.243568,-17.708284,-17.446955,0.14294226694915255,0.046992294,2362.1884081073667,2057.6468148779427,4189.941613148835
n111.wav,n111,Normal,-353.3279,94.71959,-38.345657,9.362599,-23.595182,-9.873688,-11.988373,-34.115128,-15.391062,-21.148401,-14.92781,-18.59982,-21.730017,0.07656077157079647,0.02705286,1811.0965711985766,1871.8977434244903,3422.4453816371683
n112.wav,n112,Normal,-340.43314,96.04882,-43.202507,1.5141139,-27.708233,-25.934317,-11.677038,-30.198587,-12.127305,-22.780027,-12.036853,-22.877106,-20.884958,0.09754989170792079,0.0470228,1724.0741226642947,1638.0336797895743,2921.9064240408416
n113.wav,n113,Normal,-326.00638,78.28115,-50.53171,-1.599469,-22.379858,-16.763199,-14.919955,-38.426563,-14.672055,-26.476513,-14.034957,-20.85796,-17.106413,0.08642047384510869,0.055374574,1859.8240466257646,1959.8455786564286,3402.0120371942935
n114.wav,n114,Normal,-472.9724,68.56322,-27.78553,12.899703,-20.900885,-36.75679,-1.042435,-33.6564,-15.132555,-19.083414,-17.901407,-7.161341,-28.047775,0.10448391154661017,0.016171984,1980.6161071374918,2093.092125998534,3681.265310513771
n115.wav,n115,Normal,-263.8133,110.69392,-40.341953,35.129616,1.4746312,-14.968894,5.804975,-6.2271233,-5.0650964,-1.5707701,-6.1161685,-5.7753644,-9.351565,0.09045846121651786,0.072612986,1815.8966808597202,1700.85084251734,3320.2468872070312
n116.wav,n116,Normal,-356.89545,58.780678,-61.07694,-3.150534,-40.45019,-33.11708,-14.067654,-52.547394,-13.102202,-5.210458,-19.40499,-8.676363,-24.48382,0.12528268914473684,0.02788623,2288.5166405981486,2057.6679169607764,4400.7067228618425
n117.wav,n117,Normal,-263.30844,47.66716,-59.659706,-33.43078,-30.699413,-12.496646,-16.365904,-32.38773,-12.165961,-11.521295,-21.114494,-10.170519,-18.050632,0.16601069286616163,0.07194405,2580.5210843444183,2055.2402050829974,4323.714932528409
n118.wav,n118,Normal,-382.86072,103.28963,-19.256952,-22.203167,-30.722368,-27.913229,-12.323687,-34.76299,-37.665123,-15.313614,-25.797543,-18.144733,-22.17059,0.06336228390957446,0.028729094,1509.641984613282,1957.4484374637782,2576.195769614362
n119.wav,n119,Normal,-384.9893,71.1175,-18.868315,0.28881323,-14.238964,-35.96847,-17.079895,-23.947773,-32.35646,-16.913252,-29.793364,-5.085168,-28.43544,0.0842866443452381,0.035674684,1804.5650537036827,2092.5369246517557,3129.90234375
n120.wav,n120,Normal,-416.46457,86.28099,-25.56356,-13.285596,-27.722721,-11.93788,-26.311693,-36.7206,-22.568947,-24.65109,-11.361802,-13.506687,-21.201738,0.09739945023148149,0.021640792,1790.663442337482,1915.0342391838724,3151.4241536458335
n121.wav,n121,Normal,-437.13284,50.050808,-44.520786,35.219864,-26.210093,-40.56273,-6.020879,-37.159435,-9.371998,-19.738232,-14.091303,-1.25683,-26.238895,0.10850401182432433,0.01279193,2283.0162753415057,2067.4683960441657,4268.753827069257
n122.wav,n122,Normal,-283.28598,108.790215,-21.415426,8.42412,-19.375086,-8.363425,2.3697927,-8.556915,-11.210475,1.9306718,-12.672968,2.721292,-9.335034,0.08599595620598592,0.06308994,1680.6780821787086,1781.3773467051421,3033.679543078785
n123.wav,n123,Normal,-415.30453,60.74135,-20.53106,-2.1123326,-20.680164,-16.135073,-10.290064,-15.591003,-21.521818,-8.190414,-14.076576,-0.93002087,-10.767723,0.1688774956597222,0.038039517,2633.084427669944,2340.0925642160178,5067.181396484375
n124.WAV,n124,Normal,-476.6394,85.07606,2.446986,0.6510918,-45.91933,-34.259205,-11.459854,-15.136476,-17.856955,-11.615218,-10.172135,-9.774564,-11.262408,0.13527425130208334,0.027209247,1927.54609018874,1971.4779405074487,3544.2306518554688
n125.wav,n125,Normal,-456.9819,57.362045,-27.057737,-17.147476,-30.84635,-11.609157,-17.430315,-29.272694,-22.161598,-21.485512,-17.28368,-10.449274,-18.39353,0.15960761938202248,0.019251158,2132.604624419122,2114.1167032987446,3911.663612622893
n126.WAV,n126,Normal,-313.9661,67.62437,-42.221222,16.906952,-38.218014,-24.172117,-27.277266,-17.300728,-37.437996,-11.423913,-21.357107,-11.536924,-13.015441,0.09218897964015152,0.04733966,2008.6474431804452,1944.7648603941789,3855.8299671519885
n127.WAV,n127,Normal,-452.34152,44.64829,-27.096102,-1.589181,-15.472498,-9.612316,-9.856911,-5.230269,-17.72084,-4.2448096,-3.8086305,-5.624398,-1.7848886,0.2786051432291667,0.02915648,3065.8510725833626,2392.702526025217,5730.5877685546875
n128.WAV,n128,Normal,-387.92136,102.34933,-31.353695,-8.492037,-42.056114,-36.195995,-19.948318,-26.521221,-27.670855,-17.046652,-14.820045,-5.8302574,-20.755487,0.07966291985544217,0.030539079,1534.2463129908012,1649.4919220762772,2568.896484375
n129.WAV,n129,Normal,-335.6622,56.15782,-36.36246,-4.4517713,-23.729658,-20.057892,-16.310383,-29.034227,-19.614588,-15.408016,-7.4095516,-14.411966,-12.706223,0.1124929405120482,0.057349797,2205.47376125434,2257.5583791052486,4325.190312029367
n130.WAV,n130,Normal,-516.02924,49.337135,-16.984211,-2.5206318,-19.10112,-12.961137,-4.7688823,-6.3738422,-14.883878,-4.539928,-9.136969,-4.9610467,-4.927276,0.3444102545204403,0.02055789,3268.3647865613066,2502.101021391791,6098.771926591981
n131.WAV,n131,Normal,-487.22348,42.31088,12.853525,15.618439,3.2991898,-2.2054546,0.82505465,-3.2463675,-5.9073596,1.2872907,-5.581599,1.6736704,-0.24672578,0.09465285966981132,0.023990866,2166.9774710720276,2511.154262267411,4934.827811762972
n132.wav,n132,Normal,-354.92676,88.62942,-31.46622,-15.296986,-33.861607,-25.910807,-6.1060734,-16.595154,-22.828934,-10.475246,-14.171142,-5.71063,-13.501741,0.11001747532894737,0.056355678,1807.5396461777589,1819.0208640504957,3340.0264699835525
n133.wav,n133,Normal,-497.9449,32.61082,-16.808092,-1.0101621,-9.209392,-6.521142,-9.717105,-5.437978,-11.086944,-4.009663,-4.420265,-5.497897,-3.1246703,0.310638427734375,0.020154161,3446.933374114658,2696.8564632342946,6528.790283203125
n134.wav,n134,Normal,-411.12643,66.10163,-26.634106,2.1113024,-18.30159,-21.636559,-15.745156,-12.83059,-19.681923,-10.7696,-18.32685,-1.7261554,-5.9086514,0.16997736150568182,0.043918375,2420.0515450630683,2177.0748106050723,4603.5786021839485
n135.wav,n135,Normal,-529.606,21.830841,-8.086595,10.659391,-5.439287,-13.909909,-6.8406343,-4.90288,-6.0186234,-3.8101366,-9.3399725,-0.29140133,-5.1507645,0.4435389364919355,0.016379697,4026.0625591933053,2752.7543515177945,7171.598569808468
n136.wav,n136,Normal,-470.0917,62.1353,-19.79407,9.174636,-19.252392,-19.751368,-4.2917027,-17.596624,-18.465225,-3.4961998,-15.636278,-2.8108196,-11.2376175,0.2843739499327957,0.028471366,2794.0067747961584,2262.064214365539,5210.2247668850805
n137.wav,n137,Normal,-314.27005,82.7883,-6.2288747,13.122244,-11.898762,-24.104177,-12.849875,-5.6404943,-19.557467,-10.398969,-22.027742,4.8714247,-19.548334,0.074072265625,0.076429754,1840.3558283825228,2132.9471589008513,3664.08984375
n138.WAV,n138,Normal,-331.8892,71.39077,-48.57017,5.539485,-28.356499,-25.071262,-10.088281,-29.991282,-11.3211155,-21.620085,-13.571822,-21.91891,-20.53255,0.10769876619664634,0.059090182,1984.0631618081002,1854.2811267405298,3539.7172137004573
n139.wav,n139,Normal,-221.79779,134.66646,-6.4925284,16.453512,-27.292412,-14.231023,28.877642,-24.301474,-12.111216,0.74977523,-13.419005,0.61265683,-3.6932657,0.083251953125,0.08120468,1721.7541824984128,1911.0229175757904,3417.913909456623
n140.WAV,n140,Normal,-156.42209,122.42944,-17.583456,9.213189,-16.359148,-23.973475,13.378411,-35.275723,-14.316205,5.1392245,-8.892179,6.6117744,-10.87614,0.08672443871359223,0.12119023,1862.736357063382,2067.913166335006,3758.1711259860435
n141.wav,n141,Normal,-252.25792,139.49498,-2.8891344,23.012526,-9.958957,-22.20746,4.8099427,-30.44554,-8.5088,7.731602,-14.182468,6.2614517,-7.30204,0.06119239936440678,0.07197845,1430.3761849403534,1829.3806637287908,2894.573457362288
n142.WAV,n142,Normal,-278.97375,115.426834,23.689043,21.576406,-15.310705,-4.0379066,23.992323,-17.048275,-1.605138,3.3599145,-9.114347,6.734749,-4.6794825,0.12531615332733814,0.046567418,2233.2511371056307,2202.5982534506447,4029.8847445481115
n143.WAV,n143,Normal,-178.68214,123.525154,-5.6704197,19.990135,-13.81373,-24.084177,18.046026,-22.701393,-11.911095,6.4261193,-10.244631,4.968852,-11.656168,0.09228204617834394,0.11575332,1918.0616929930184,2068.5317135231744,3723.5982907046177
n144.WAV,n144,Normal,-174.94562,111.3877,-6.7524996,13.106937,-19.49726,-20.820248,15.373502,-33.66193,-17.411333,7.4210305,-21.327309,3.8638504,-13.048424,0.07447574013157894,0.14318554,1853.8893312621294,2124.473318535249,3698.3681126644738
n145.WAV,n145,Normal,-290.02704,116.88394,11.888225,27.280283,-9.295018,-15.995513,9.676521,-12.743352,-14.271328,-1.2530025,-20.634127,0.6889121,-3.3737743,0.06048154159330986,0.065017395,1563.4725882451357,1994.380676212964,3133.1568758252643
n146.WAV,n146,Normal,-181.89818,112.54704,0.5786642,16.33199,-15.491419,-18.308817,13.111053,-22.173328,-17.181707,-1.6634372,-18.726473,1.035373,-6.925212,0.06787109375,0.12624995,1821.0537316314305,2176.895231614634,3709.6998596191406
n147.WAV,n147,Normal,-223.58908,99.00707,13.82034,7.2374206,-11.592578,-13.13306,9.605243,-23.959583,-15.717147,-1.2799624,-15.805092,1.9140111,-9.92878,0.094775390625,0.07873324,2210.53562782344,2476.24279519198,4474.922607421875
n148.WAV,n148,Normal,-212.44926,120.430275,3.3260214,14.611337,-20.159101,-20.856178,14.051808,-20.925568,-13.928773,0.5348542,-20.64819,6.028598,-8.754561,0.06753763338414634,0.10082703,1770.573436931402,2134.889195257299,3543.6124475990855
n149.WAV,n149,Normal,-217.53029,97.76851,12.270247,11.129574,-19.680199,-18.563536,3.3214335,-18.739199,-10.499778,-5.587602,-12.615764,5.5163927,-2.107795,0.09140082465277778,0.10647083,2121.2818972910077,2333.888202920898,4207.8271484375
n150.wav,n150,Normal,-202.26581,136.29863,1.8037863,28.666445,-6.16254,-19.47861,30.968382,-21.396362,-16.000982,-1.2692709,-12.461835,8.231912,-9.313107,0.06567821388473054,0.10156858,1613.7293643239914,2027.343285834078,3315.0817505613772
n151.WAV,n151,Normal,-261.5806,131.44016,15.058923,27.926579,-12.175625,-21.853506,18.218485,-18.70353,-14.689943,-3.2501388,-24.627804,6.4738655,-8.978124,0.047021152210884355,0.08011519,1447.282770585899,1989.0594884505317,2829.4921875
n152.wav,n152,Normal,-223.38774,147.59436,-3.2262459,18.060343,-22.703043,-21.343594,33.735535,-33.08126,-13.166492,11.253628,-17.510757,9.608557,-8.429272,0.057057883522727275,0.08164211,1474.7752475327463,1850.7540137908138,3105.479403409091
n153.WAV,n153,Normal,-174.78133,109.55167,-15.208892,5.224483,-17.324266,-24.07473,9.655717,-32.893093,-19.276865,2.4689207,-13.537848,9.116369,-7.300851,0.08870901188380281,0.1280098,1956.9437055259575,2148.7457433849413,3829.19492049956
n154.WAV,n154,Normal,-315.8483,137.43417,5.710011,3.0838752,-9.9287405,-14.12932,15.432421,-24.259274,-9.378823,0.37425297,-8.896776,3.846714,-4.8922524,0.07397896902901786,0.037983485,1638.1858454275305,2158.63476268391,3230.6533813476562
n155.WAV,n155,Normal,-221.10796,102.08906,-20.137207,16.625725,-10.179469,-21.818434,5.2733736,-30.206991,-5.7913046,5.692132,-10.280752,5.4800863,-5.3117614,0.07032236426767677,0.10788662,1786.404581857789,2037.3611337709438,3626.495916193182
n156.wav,n156,Normal,-248.9954,130.02957,-10.98087,3.9761243,-31.52482,-18.839401,17.659023,-27.33871,-4.606311,9.923859,-3.1544564,8.691628,-12.468469,0.059511931046195655,0.10512724,1404.1051078060739,1727.0853087334317,2809.146781589674
n157.wav,n157,Normal,-211.40277,117.18678,-4.950033,10.0438175,-5.9807334,-29.323263,8.086003,-28.545298,-15.828916,1.8382007,-17.87086,9.473916,-9.326245,0.05889622511061947,0.121933885,1616.103329621837,2113.780827052691,3083.059233268805
n158.WAV,n158,Normal,-213.6657,122.2255,4.2545924,21.67083,-16.65514,-20.266418,28.66402,-27.518429,-17.872353,3.5870078,-15.649128,5.2570257,-5.9894023,0.06587878568672839,0.099081874,1711.1785299009334,2086.1483283545263,3487.1826171875
n159.wav,n159,Normal,-235.3207,149.9385,-14.450255,15.322055,4.042901,25.8192,-14.921617,3.4670508,-10.966744,-2.4740303,-8.259334,1.4829463,-0.5720437,0.05946967437977099,0.07538511,1339.4270903648621,1664.208287461542,2444.3473058802483
n160.WAV,n160,Normal,-219.21793,145.57945,-0.5534524,21.109873,-11.0253935,16.93283,-17.019634,3.3452473,3.2805774,-3.9809759,-18.020103,2.3130317,-1.5021188,0.05789249501329787,0.091743045,1338.0846961384957,1746.8343693814058,2566.803627825798
n161.WAV,n161,Normal,-215.00859,156.17386,-7.903367,15.586609,8.629198,21.159506,-20.965809,6.4224963,-6.9289594,1.0087742,-13.442346,-3.5293465,-3.2138066,0.03806849888392857,0.124835566,1094.1689900512376,1565.1171582246523,1909.4375610351562
n162.WAV,n162,Normal,-202.49104,147.6178,-13.566315,20.283205,3.522881,15.781118,-20.736992,-0.76083195,-4.2339034,-1.0126909,-17.033342,1.0306941,-3.651001,0.04851050515776699,0.116506994,1243.0234892698484,1672.066780563289,2229.6272944478155
n163.WAV,n163,Normal,-225.18459,145.46011,-7.8542957,23.927801,3.6148374,15.743617,-14.814533,-0.33187944,-2.0857093,-3.189539,-16.494328,-2.719372,-4.145648,0.0469677734375,0.11296201,1194.4999944019014,1621.8929435627194,2245.482421875
n164.WAV,n164,Normal,-220.18942,146.44368,-15.382313,16.335367,1.046129,22.542988,-16.023485,3.9205575,-3.2585433,-10.393513,-4.814285,-1.1436942,-4.8285046,0.057533822408536585,0.09156445,1297.4283396834207,1653.3941876307722,2358.1483422256097
n165.WAV,n165,Normal,-224.30348,153.27716,-17.382328,21.008255,2.1878884,22.559256,-19.790104,1.744712,-5.673166,-9.464343,-9.786418,3.9163558,-6.539286,0.045985068044354836,0.09394895,1159.0092849888783,1579.4338137929076,2188.3985950100805
n166.WAV,n166,Normal,-235.25426,153.56384,-14.033865,17.203444,-3.2140965,21.243273,-21.0569,8.540057,0.8807948,-4.885118,-6.4757495,3.1397665,-2.5346487,0.056073429608585856,0.0724603,1271.9885943334084,1636.5127669612943,2361.474609375
n167.WAV,n167,Normal,-253.69533,151.94722,-19.770468,17.485683,-0.83388275,19.346655,-23.160831,4.7170987,-1.0167525,-3.553031,-7.923905,5.044257,-7.0614634,0.04752052436440678,0.07236135,1218.4353591004824,1608.6669723150158,2230.055159229343
n168.WAV,n168,Normal,-249.71263,149.52797,-10.084322,21.686047,4.1321197,21.98966,-20.781992,5.781157,-2.3762157,-1.1989745,-8.929403,4.5720596,-9.095625,0.04707919034090909,0.057215497,1245.9137592497168,1730.0727488874268,2357.9836203835225
n169.WAV,n169,Normal,-235.49425,138.68958,-21.730455,15.095734,-2.0606089,22.797693,-10.0571785,2.8897521,-7.599124,-1.6887306,-8.456712,7.9812636,-4.0081987,0.06841244904891304,0.07415791,1501.8667122879663,1755.2012073199019,2747.823963994565
n170.WAV,n170,Normal,-273.1048,147.54745,-19.117289,18.98296,0.11992649,16.930166,-20.68977,8.418799,0.31085584,3.3732367,-8.263896,2.470203,-5.468718,0.04746823890186916,0.04415836,1281.950626967828,1713.3220787096532,2373.4822210864486
n171.wav,n171,Normal,-259.52267,151.04797,-13.715235,14.105591,-7.5243125,12.841762,-23.449074,11.788539,2.1898775,1.3876388,-5.032879,0.21464176,-1.7022388,0.053971087346311473,0.052748557,1299.9832921561563,1692.4155964588101,2314.3780817751026
n172.WAV,n172,Normal,-220.44093,152.76367,-11.499394,25.793043,0.5501147,17.313978,-31.688173,7.0552855,-0.63236636,-10.062474,-4.600191,-1.1881776,-7.6738667,0.04252787469660194,0.0949009,1161.7497373400436,1616.2414096106859,2130.9508684769417
n173.WAV,n173,Normal,-238.71494,149.96548,-6.0111866,18.922806,-9.479222,13.405508,-19.972416,10.36586,-1.5557556,-3.5672626,-12.599352,2.873643,-8.792169,0.04875912873641304,0.08739794,1258.6845800403228,1674.117790720465,2325.0007961107335
n174.wav,n174,Normal,-225.1326,138.9109,-19.262411,19.309906,6.0453386,22.505428,-21.465786,3.8217196,-0.10319233,-4.8890424,-9.152488,2.8965442,-7.60504,0.06599644252232142,0.09288365,1417.3653518366823,1714.5457262685284,2690.3045654296875
n175.WAV,n175,Normal,-217.33919,149.10052,-13.608842,20.862795,-3.1243734,13.337232,-25.394966,11.166482,-2.6647682,-10.116489,-5.3587465,1.7815456,-9.491671,0.059623491646039604,0.09675292,1330.7573872920143,1677.251797648312,2641.2285833075493
n176.WAV,n176,Normal,-248.60077,156.27452,-12.198094,18.259008,6.7917767,9.022977,-21.916178,12.082705,-2.9803052,-2.623695,-10.030071,-1.7059181,-7.9500513,0.04468873170045045,0.07819237,1144.7460119130235,1567.9648457220926,2131.399123733108
n177.wav,n177,Normal,-227.30774,170.99855,-12.715759,11.434865,0.19968504,8.7318735,-19.803545,8.585428,3.767812,-10.573285,-12.168726,3.5779934,-9.228416,0.03938625169836957,0.11004427,989.6157868302415,1376.7484671069615,1725.4649286684783
n178.wav,n178,Normal,-234.21834,155.50891,-2.1834245,19.164186,-2.1281,21.290073,-24.984962,14.841324,1.7198154,-2.3253074,-9.913141,-0.2424207,-7.660719,0.04959739829009434,0.072575726,1258.1958686833334,1720.6340050240537,2494.8044111143868
n179.WAV,n179,Normal,-349.212,84.43724,-32.275776,18.28089,-27.872744,-29.98372,-25.113686,-17.411469,-33.071518,-8.64544,-25.267298,-8.766789,-12.635442,0.08866613051470588,0.041541565,1779.1654566852978,1846.3998456412726,3355.1987591911766
n180.wav,n180,Normal,-272.28766,90.42688,18.098366,21.408485,-26.208147,-20.746628,-23.992268,15.06767,-25.586552,-1.28385,-13.526978,-1.8623483,-2.624579,0.11741818405511811,0.07202504,2348.274721345105,2188.844215786402,4453.812438484252
n181.WAV,n181,Normal,-308.3157,114.94568,11.349748,13.283618,-18.662619,-14.3761635,-34.647564,3.7803607,-35.865326,4.478297,-20.203588,-3.142456,-12.154423,0.04676804315476191,0.06461613,1564.358099903503,2068.2784212067077,3126.005859375
n182.wav,n182,Normal,-352.52655,101.55341,3.1386244,20.562107,-18.484718,-15.607178,-23.30675,5.9590216,-17.84153,-10.144543,-23.552439,5.6014295,-5.796408,0.07009433178191489,0.053393815,1691.9014790409067,1956.2804175868923,3427.9026761968084
n183.wav,n183,Normal,-329.1456,120.416916,-0.9146893,12.141469,-9.5318165,-12.222762,-9.643767,5.852588,-30.661297,0.6192965,-14.569611,11.812223,-9.981162,0.07100906905594405,0.048665877,1583.402743174187,1903.602378820472,2831.164465417395
n184.wav,n184,Normal,-343.35858,102.43239,-6.901706,23.778921,-34.70531,4.8348355,-9.250589,6.0321536,-31.6718,9.155657,-11.026428,-5.033535,-0.1995982,0.07314253826530612,0.038810804,1744.5691933517412,1887.3764351939258,3402.57568359375
n185.wav,n185,Normal,-327.4971,108.02574,-6.748583,24.89166,-20.76246,5.624577,-30.5715,7.4504957,-29.523909,-1.614837,-9.929435,-9.187503,-4.282518,0.07157628676470588,0.044775013,1692.419004083148,1932.231774594522,3303.80859375
n186.wav,n186,Normal,-317.43616,67.235725,26.075905,-8.158998,-29.750679,5.517798,-20.882784,11.944418,-18.424946,6.6315093,-15.976935,17.163769,-1.1549954,0.2069091796875,0.060297564,3019.871948435702,2236.0818756561675,5135.0572065873575
n187.wav,n187,Normal,-378.41394,112.64498,0.92055833,17.83706,-18.577953,-5.625183,-7.7918706,8.962323,-24.584274,-6.375738,-1.3941795,1.1271659,-7.3810716,0.054903954574742266,0.045646977,1401.8437351268562,1766.7185636543707,2689.6524645618556
n188.wav,n188,Normal,-323.9993,106.461075,16.998049,-11.662545,-38.37534,0.6113546,-4.0233083,1.411228,-26.387924,-1.3366591,-16.872663,8.597548,-4.7226653,0.08431705013736264,0.059537064,1788.6463411308628,2022.3888006977102,3292.805363581731
n189.wav,n189,Normal,-325.7785,89.36102,19.220194,-3.938459,-10.09614,-12.591974,-15.396888,15.222594,-28.414948,-0.06346973,-19.46671,9.871821,-2.4697597,0.13843209402901785,0.05163317,2377.0665690916735,2283.4902838238168,4211.183166503906
n190.wav,n190,Normal,-332.2698,106.553185,5.6501093,14.913984,-21.71844,-6.1471887,-25.416204,0.33858076,-19.08185,-2.6213324,-12.607104,-1.6455667,-1.2653761,0.07026941636029412,0.050945453,1552.7576364523907,1852.2871140300151,2969.048713235294
n191.wav,n191,Normal,-347.97723,127.71765,6.984013,12.448323,-23.40465,-7.677869,-17.289438,3.835246,-26.91539,-5.7123938,-11.897312,4.3305564,-8.544124,0.043634588068181816,0.05235542,1212.0911739231788,1655.7529177162867,2088.720703125
n192.wav,n192,Normal,-335.697,124.12553,2.0822146,15.748366,-36.124348,-5.248301,-3.6038394,5.107416,-24.501532,-1.0269862,-9.093277,-0.03629788,-1.0964872,0.0603515625,0.052002426,1373.9411791168868,1596.9577526811422,2533.4326171875
n193.wav,n193,Normal,-363.92734,104.79619,-0.25250378,32.822796,-31.24196,4.69525,-7.241802,8.6439,-27.06918,2.2110362,-7.535128,1.3506321,1.3644391,0.12175390625,0.0314804,1966.1429651343074,1758.171937556928,3367.8791015625
n194.wav,n194,Normal,-251.24379,148.15822,-24.573904,19.225996,1.7445312,19.172102,-9.520656,8.172604,-9.820481,2.1459486,-3.6038392,-0.6153365,-3.1102285,0.058038725269784174,0.056318063,1334.2238614499454,1658.3432250220478,2554.627957790018
n195.wav,n195,Normal,-250.04565,154.81725,-27.851984,15.347835,-2.473993,15.510995,-2.9180293,7.5000205,-6.1919456,1.5903698,-1.3341717,1.9121845,1.1870489,0.05683244977678571,0.055570755,1267.7631998072575,1556.216250164917,2351.1566162109375
n196.wav,n196,Normal,-244.74985,151.74452,-24.046995,11.03191,2.5667064,25.424713,-15.4408455,2.6824937,-3.6807916,-3.7280223,-5.8185005,1.1178519,-2.511606,0.05441476632882883,0.060946405,1271.634210261138,1619.4177728584373,2204.6314136402025
n197.wav,n197,Normal,-244.17935,149.43178,-22.922983,12.629354,-4.9769855,26.340815,-15.338452,6.299469,-7.0044346,-5.6418085,-2.2004437,4.60299,-1.6939454,0.057676478794642855,0.049999632,1361.085099408312,1700.5423711979524,2439.788818359375
n198.wav,n198,Normal,-240.06047,125.274216,-11.893648,20.914267,0.62505335,31.96938,-13.773117,3.496076,-5.885904,-7.895206,-6.8806243,-0.09610634,-3.6099813,0.08315189549180328,0.061875638,1696.445647308255,1910.5783898411962,3256.3674676613728
n199.wav,n199,Normal,-222.66144,150.94972,-2.1771214,14.487301,-10.320444,10.445388,-26.474154,11.560038,-4.6411114,0.5607968,-8.111636,1.8401028,-8.301609,0.05514753357438017,0.08558425,1332.5417540348083,1747.426590163792,2476.5852999096073
n200.wav,n200,Normal,-234.15309,164.63013,-10.052377,14.063441,-22.068626,15.096888,-6.0926857,4.128302,-4.0540686,2.8504465,-5.546853,2.659415,-8.313651,0.05816150102459016,0.089220785,1157.645770814369,1479.9418931443063,1949.3726386398566
n201.wav,n201,Normal,-243.89471,147.19603,-10.550551,24.515121,-24.680273,14.350549,-3.227902,0.8958028,-5.6971245,8.934211,-6.1536083,10.231786,-10.788913,0.08388461861559139,0.05524961,1512.266610180443,1703.586234936549,2716.4251512096776
n202.wav,n202,Normal,-230.35875,166.07176,-14.294462,15.268749,-16.150549,16.765837,-9.766654,-4.940602,-6.9033885,5.6403527,1.0927749,3.181385,-12.052192,0.045690658244680854,0.099435546,1065.416585188223,1430.3767943456219,1823.2208901263298
n203.wav,n203,Normal,-262.334,152.921,-15.22684,17.849512,-17.419096,11.334235,-6.6043634,4.6924047,-2.9882703,9.638872,5.532398,4.889084,-5.770092,0.05004384566326531,0.052943073,1233.3412916701977,1617.3716775343644,2321.4111328125
n204.wav,n204,Normal,-234.52153,133.16177,-9.171346,28.379461,-15.601656,18.944553,-9.461223,6.5446386,-9.11639,6.4200983,1.4533299,0.41586578,-11.887538,0.07516239466292135,0.06104877,1574.2224889538275,1866.8825688564184,3178.2040028089887
n205.wav,n205,Normal,-256.90582,155.76326,-9.623647,28.380415,-14.163562,15.024319,-7.436183,6.0157614,-5.8777013,6.669313,-3.6342077,2.6241572,-7.6964726,0.040717230902777776,0.05806393,1142.336489219005,1612.4807169604496,2210.9814453125
n206.wav,n206,Normal,-244.22964,157.91191,-9.762574,22.337215,-16.97381,20.075882,-10.762897,7.2828918,-7.5858397,3.9814372,-2.633609,4.3792386,-7.286013,0.05199552837171053,0.060714997,1209.6552569738578,1630.832765295384,2241.790610865543
n207.wav,n207,Normal,-357.6251,113.12281,-7.99851,24.011597,-24.600342,8.100945,-10.7920265,3.6318028,-13.594294,-8.458444,-2.812541,6.4920964,1.7814958,0.07800532322303921,0.03551904,1693.9244607475598,1856.6081434184273,3280.963493795956
n208.wav,n208,Normal,-353.28705,106.53076,-6.9592094,25.239752,-18.111895,9.70325,-8.71821,1.602051,-18.79727,-6.4038005,-4.839071,1.3353523,-4.5954347,0.085205078125,0.036450837,1789.4319562914295,1817.5372501784234,3242.2512278837316
n209.wav,n209,Normal,-325.7511,115.85332,-0.44488645,26.403278,-26.485876,3.6689584,-20.759819,6.4040895,-27.797146,-12.04893,-0.36508626,-0.645298,-6.0076704,0.08154684399801587,0.050163426,1680.272313421737,1797.3476520850038,3164.44091796875
n210.wav,n210,Normal,-395.95682,139.01118,11.444534,27.636217,-16.168514,0.31409222,-23.83994,7.132142,-19.544102,-3.4700108,-9.644307,-2.4687655,-0.19028473,0.04837908063616071,0.03284051,1232.147268119406,1658.4720208500319,2302.899169921875
n211.wav,n211,Normal,-360.2805,110.61965,-1.307595,36.141605,-16.880241,-1.4616592,-9.785976,5.1896005,-19.136868,-0.8473481,-8.969101,1.2823898,-3.0385487,0.0667126225490196,0.04569379,1571.5491425485695,1811.0111483232897,3102.9979032628676
n212.wav,n212,Normal,-307.66876,98.08687,-14.487188,39.517834,-25.236883,-3.932015,-23.855732,3.7757137,-18.480135,-3.3994174,-3.8578146,-1.9780701,-7.453748,0.0794334041262136,0.058736566,1847.059818506722,1854.2057586902372,3661.5853022603155
n213.wav,n213,Normal,-296.5209,80.79662,0.518524,47.373386,-26.094225,-0.080534995,-13.404662,4.788719,-23.050129,-3.2496114,-3.5703347,-3.9131522,-8.374518,0.1282465508643617,0.05225849,2306.8527829463424,1939.89362830646,4050.8765687333776
n214.wav,n214,Normal,-319.29028,115.69545,-7.121506,27.093323,-24.275305,3.9747229,-13.461548,0.7217837,-26.314165,-1.4917859,-5.428202,-3.6369963,-3.4296215,0.07639382102272728,0.048836246,1663.5127820568732,1801.38736315795,3176.74978829764
n215.wav,n215,Normal,-336.96082,99.69451,-11.184424,32.828514,-18.835718,1.7497952,-16.39445,6.07243,-14.422104,-4.7860084,-1.401266,-5.646116,-1.0384653,0.1012451171875,0.039427735,1951.6804394109856,1874.5621935180143,3701.019287109375
n216.wav,n216,Normal,-243.92792,162.06862,-11.778591,13.766566,-14.1771965,6.661406,-23.815916,12.181491,-0.66558504,3.1890423,-5.3252015,1.6432678,-3.9111674,0.0529338877688172,0.057434287,1212.1245971405706,1593.87577448383,2150.4260647681454
n217.wav,n217,Normal,-243.28555,163.11055,-13.080117,17.196434,-4.7031407,8.223887,-27.589983,6.968035,-1.7213298,5.453815,-2.19953,-2.425769,-2.4547083,0.048182091346153845,0.0589267,1155.7647565463062,1563.4181145044397,2021.3880333533655
n242.WAV,n242,Normal,-368.2455,127.9894,40.559975,30.659195,-11.490534,-24.428177,-9.866858,-1.3969631,-12.289652,-8.85582,-12.008359,-12.645879,-19.89175,0.0348388671875,0.09861629,953.1161441661823,1503.8728715428788,1736.9219970703125
n243.WAV,n243,Normal,-317.8364,89.46219,-51.65875,26.325407,2.704035,-3.1127048,-17.002157,-10.756014,-19.24579,23.836992,-27.090536,2.060165,-3.9101908,0.11186667049632353,0.060214464,1917.5026774509456,1613.7034169661008,3416.3376752068016
n244.WAV,n244,Normal,-352.5723,123.230896,-44.28519,-1.8187115,-4.650307,-24.841618,-11.554818,-11.387449,-24.423399,5.8403416,-17.156326,6.604844,1.1625981,0.07766027617872807,0.04577644,1475.7800438709128,1531.4118998897422,2681.6865619860196
n245.WAV,n245,Normal,-358.6334,128.87984,22.881132,30.272612,-3.05988,-20.302576,5.8064337,-9.542824,-12.321069,-3.6790493,-10.660384,-5.788659,-18.268034,0.02799825465425532,0.073963754,910.628608400484,1528.647545705897,1566.884142287234
n246.WAV,n246,Normal,-278.25946,110.03752,-28.02247,28.272848,-7.6986847,-22.30447,1.6972567,-27.803408,-17.120987,-6.271035,-14.019324,-5.202721,-19.186417,0.07853970462328767,0.073612526,1720.4434981727916,1897.4410684773297,3518.835114779538
n247.WAV,n247,Normal,-360.7876,104.35933,-22.650013,18.424944,-6.104597,-13.052852,10.512616,-15.904406,-9.475111,0.28107217,-7.650722,-1.9105258,-15.261387,0.08449052019817073,0.07307432,1909.2317204269461,1997.8758547451966,3939.7883717606705
n248.WAV,n248,Normal,-339.12158,114.48253,-1.6803302,25.732725,-4.9351306,-22.729599,6.303327,-14.271175,-17.511562,-9.604781,-15.04308,-4.7996483,-13.70931,0.0657174824089404,0.07671483,1440.782898612644,1800.500968542926,2790.760166597682
n249.WAV,n249,Normal,-331.50876,77.56245,12.426062,32.40765,-1.2023344,-17.536108,5.7680893,-12.360968,-11.360599,-9.458207,-16.721645,-2.585836,-19.727266,0.11231788429054054,0.08327369,2042.1011329032779,2051.3934022145945,3626.2108055320946
n250.WAV,n250,Normal,-319.75418,122.321106,-14.546156,23.229492,-9.856063,-21.503603,9.8869,-13.944343,-18.932585,-8.526023,-14.41032,-2.6259806,-15.623618,0.05992617849576271,0.060005285,1460.6967506117817,1776.9428763699962,2876.2033236228813
n251.WAV,n251,Normal,-282.01202,111.34717,4.2815084,27.036013,-8.825473,-27.492115,9.694276,-18.18371,-25.473455,-7.76868,-21.002258,-8.154962,-19.434341,0.06836779364224138,0.11201143,1505.360551421972,1872.4251036078845,2883.7785391971984
n252.WAV,n252,Normal,-384.5442,106.45233,2.4031975,11.98181,13.096404,-8.216196,-0.6375329,-0.37921372,-18.352291,-0.27941307,-14.172158,-0.27566874,-0.5866776,0.05191970254010695,0.04472552,1231.8567386804639,1727.4550138182576,2035.5210248161766
n253.WAV,n253,Normal,-372.47098,68.280136,-12.538161,-0.7769375,-9.878715,-15.237539,8.268535,-1.4070307,-23.397663,6.56701,-17.316042,-2.208108,-7.557168,0.0897058385019084,0.046406396,1792.575199730637,2145.786952069641,3337.8930477695612
n254.WAV,n254,Normal,-311.03653,124.20204,-2.9715805,23.78076,-18.02938,-29.100662,18.022673,-15.241806,-15.562792,-11.777519,-12.738818,-1.4351504,-15.434854,0.07008844020562771,0.09737168,1449.3570931060613,1799.973460366204,2939.2356178977275
n255.WAV,n255,Normal,-273.56824,107.531075,-23.062746,32.828316,-11.25097,-21.998411,7.001881,-27.504686,-10.978053,-8.511017,-11.820644,-2.128577,-18.139086,0.0745273166232639,0.08198251,1732.0486351016643,1887.9098582174,3429.8355102539062
n256.WAV,n256,Normal,-272.43585,49.550735,-19.087692,12.982927,-5.304272,-20.17083,-2.801141,-7.993461,-19.89781,16.496246,-15.126661,-2.974215,-12.362317,0.1342144590435606,0.079629846,2506.2977764551524,2226.6440246205493,4343.671209161932
n257.WAV,n257,Normal,-361.64166,145.0261,-13.216534,1.9821571,5.490078,-27.216888,-6.258232,-5.4132376,-19.073397,-0.42173833,-14.104463,-8.028578,0.05731101,0.06241288879107981,0.04355787,1209.4858240012397,1489.5918628769816,2135.7803559639083
n258.WAV,n258,Normal,-240.11148,121.97056,-7.0039573,24.030588,-21.050058,-18.212635,10.985605,-16.104744,-19.001953,-4.298231,-13.387903,-0.79763734,-18.644033,0.059814453125,0.113758065,1452.0231396089812,1756.3284590535395,2959.3303811961205
n259.WAV,n259,Normal,-369.63983,77.61022,3.98054,27.922125,2.8157501,-3.720216,2.4242918,-10.122055,-4.522486,-3.6028502,-2.1188917,-0.89136153,-10.645331,0.12478715945512821,0.07188124,2387.786292387013,2211.141001613113,4628.1203049879805
n260.WAV,n260,Normal,-256.98608,105.41179,-1.6297537,34.79505,0.12373675,-26.142616,7.8402762,-17.108482,-16.058702,-5.1781583,-16.862988,-4.8085794,-17.863016,0.05732979910714286,0.12812819,1548.0848647957341,1922.4849293415261,3038.9501953125
s001.wav,s001,Sad,-278.26028,64.089035,-47.052826,-0.1677972,-34.928776,-35.443314,-19.082277,-40.099083,-18.621727,-18.979881,-15.348326,-20.991041,-18.13235,0.06972744228603604,0.07419372,1910.5258771241029,2067.705068458047,3560.15625
s002.wav,s002,Sad,-391.52838,77.429886,-28.01907,-7.6959395,-25.645262,-37.18288,-9.579869,-23.910517,-14.351078,-19.984943,-22.280565,-19.558207,-33.029453,0.08138193982712766,0.029748378,1767.4758166809947,1945.550765259425,3167.4425490359044
s003.wav,s003,Sad,-408.11398,53.188656,-26.181604,-9.335847,-30.637217,-36.400738,-6.7619863,-32.341316,-12.2624035,-17.012814,-21.637276,-12.41495,-22.732405,0.10590854942375887,0.030951198,2032.8839142584723,2123.881663995574,3617.65448387633
s004.WAV,s004,Sad,-397.92517,39.92848,-19.940811,0.33152735,-17.175756,-33.111034,-23.050894,-21.007952,-24.295681,-14.431605,-15.396308,-6.0498347,-19.139248,0.13716218909438777,0.026563415,2625.2721551908808,2384.8995325965543,4774.21875
s005.wav,s005,Sad,-416.1769,59.935818,-33.29299,-12.861766,-28.989965,-43.209637,-13.090681,-33.53183,-19.733149,-17.335638,-17.50414,-17.06847,-25.65524,0.10596670018564357,0.035029724,1900.7104735464889,2126.5585007177415,3434.865698483911
s006.wav,s006,Sad,-291.04678,62.569115,-60.588463,-5.861065,-30.982515,-22.096502,-17.17458,-30.603783,-14.159986,-18.719448,-24.732807,-24.901928,-14.484665,0.09310546875,0.075300686,1970.346876505491,1938.7082305072477,3627.052734375
s007.wav,s007,Sad,-315.8876,66.596275,-35.52445,-0.41458672,-26.544323,-31.651426,-17.069883,-33.25684,-16.547247,-17.984573,-18.144098,-13.605205,-18.628155,0.08379330842391304,0.078435645,1899.5773128480732,2042.252456193275,3464.2710810122285
s008.wav,s008,Sad,-354.34497,76.38897,-41.443848,-45.180206,-44.4681,-17.777468,-17.499681,-35.424503,-27.060955,1.0929089,-8.6115265,3.0687716,2.5373242,0.08443741945876289,0.054888483,1703.2077104339226,1853.106191315086,2760.6898356958764
s009.wav,s009,Sad,-365.0527,98.441025,-29.797956,-9.011094,-28.544304,-17.808496,-9.653357,-21.411911,-30.566069,-9.046159,-14.2846155,-14.56602,-25.312683,0.058015046296296294,0.03286806,1537.874811703753,1827.9443589564232,2724.6480305989585
s010.wav,s010,Sad,-338.25766,83.69423,-59.038857,-10.191075,-26.381117,-7.467949,-1.8292712,-23.680511,-21.749529,-7.0425143,-22.001705,-13.842501,-27.789995,0.08618790064102565,0.04235173,1744.6674667645905,1750.0663813516067,3206.5147986778848
s011.WAV,s011,Sad,-193.55847,108.27509,-15.73749,17.228996,-5.327384,6.956812,-4.1335473,-2.916481,-10.289834,14.629327,-8.605516,6.2954597,-4.326189,0.1045478144778481,0.13304749,2065.323633486994,2171.0730100954947,4217.850233633307
