filename,emotion,speaker_id
a001.WAV,Angry,a001
a002.wav,Angry,a002
a003.WAV,Angry,a003
a004.WAV,Angry,a004
a005.WAV,Angry,a005
a006.wav,Angry,a006
a007.wav,Angry,a007
a008.WAV,Angry,a008
a009.WAV,Angry,a009
a010.WAV,Angry,a010
a011.WAV,Angry,a011
a012.WAV,Angry,a012
a013.WAV,Angry,a013
a014.wav,Angry,a014
a015.WAV,Angry,a015
a016.WAV,Angry,a016
a017.WAV,Angry,a017
a018.wav,Angry,a018
a019.WAV,Angry,a019
a020.wav,Angry,a020
a021.WAV,Angry,a021
a022.wav,Angry,a022
a023.WAV,Angry,a023
a024.WAV,Angry,a024
a025.WAV,Angry,a025
a026.WAV,Angry,a026
a027.wav,Angry,a027
a028.WAV,Angry,a028
a029.WAV,Angry,a029
a030.wav,Angry,a030
a031.wav,Angry,a031
a032.wav,Angry,a032
a033.wav,Angry,a033
a034.WAV,Angry,a034
a035.WAV,Angry,a035
a036.WAV,Angry,a036
a037.wav,Angry,a037
a038.wav,Angry,a038
a039.wav,Angry,a039
a040.wav,Angry,a040
a041.wav,Angry,a041
a042.wav,Angry,a042
a043.wav,Angry,a043
a044.wav,Angry,a044
a045.wav,Angry,a045
a046.wav,Angry,a046
a047.wav,Angry,a047
a048.wav,Angry,a048
a049.wav,Angry,a049
a050.wav,Angry,a050
a051.wav,Angry,a051
a052.wav,Angry,a052
a053.wav,Angry,a053
a054.wav,Angry,a054
a055.wav,Angry,a055
a056.wav,Angry,a056
a057.wav,Angry,a057
a058.wav,Angry,a058
a059.wav,Angry,a059
a060.wav,Angry,a060
a061.wav,Angry,a061
a062.wav,Angry,a062
a063.wav,Angry,a063
a064.wav,Angry,a064
a065.WAV,Angry,a065
a066.WAV,Angry,a066
a067.wav,Angry,a067
a068.wav,Angry,a068
a069.WAV,Angry,a069
a070.WAV,Angry,a070
a071.wav,Angry,a071
a072.wav,Angry,a072
a073.WAV,Angry,a073
a074.wav,Angry,a074
a075.wav,Angry,a075
a076.WAV,Angry,a076
a077.WAV,Angry,a077
a078.WAV,Angry,a078
a079.WAV,Angry,a079
a080.wav,Angry,a080
a081.wav,Angry,a081
a082.wav,Angry,a082
a083.wav,Angry,a083
a084.wav,Angry,a084
a085.WAV,Angry,a085
a086.WAV,Angry,a086
a087.WAV,Angry,a087
a088.WAV,Angry,a088
a089.WAV,Angry,a089
a090.WAV,Angry,a090
a091.WAV,Angry,a091
h008.wav,Happy,h008
h009.wav,Happy,h009
h010.wav,Happy,h010
n001.WAV,Normal,n001
n002.WAV,Normal,n002
n003.WAV,Normal,n003
n004.WAV,Normal,n004
n005.WAV,Normal,n005
n006.WAV,Normal,n006
n007.WAV,Normal,n007
n008.WAV,Normal,n008
n009.WAV,Normal,n009
n010.WAV,Normal,n010
n011.WAV,Normal,n011
n012.WAV,Normal,n012
n013.WAV,Normal,n013
n014.WAV,Normal,n014
n015.WAV,Normal,n015
n016.WAV,Normal,n016
n017.WAV,Normal,n017
n018.wav,Normal,n018
n019.WAV,Normal,n019
n020.WAV,Normal,n020
n021.WAV,Normal,n021
n022.WAV,Normal,n022
n023.WAV,Normal,n023
n024.WAV,Normal,n024
n025.WAV,Normal,n025
n026.WAV,Normal,n026
n027.WAV,Normal,n027
n028.WAV,Normal,n028
n029.WAV,Normal,n029
n030.WAV,Normal,n030
n031.WAV,Normal,n031
n032.WAV,Normal,n032
n033.WAV,Normal,n033
n034.WAV,Normal,n034
n035.wav,Normal,n035
n036.WAV,Normal,n036
n037.WAV,Normal,n037
n038.WAV,Normal,n038
n039.WAV,Normal,n039
n040.WAV,Normal,n040
n041.WAV,Normal,n041
n042.wav,Normal,n042
n043.WAV,Normal,n043
n044.WAV,Normal,n044
n045.WAV,Normal,n045
n046.WAV,Normal,n046
n047.wav,Normal,n047
n048.WAV,Normal,n048
n049.WAV,Normal,n049
n050.WAV,Normal,n050
n051.WAV,Normal,n051
n052.WAV,Normal,n052
n053.WAV,Normal,n053
n054.wav,Normal,n054
n055.WAV,Normal,n055
n056.WAV,Normal,n056
n057.WAV,Normal,n057
n058.WAV,Normal,n058
n059.wav,Normal,n059
n060.WAV,Normal,n060
n061.WAV,Normal,n061
n062.WAV,Normal,n062
n063.WAV,Normal,n063
n064.WAV,Normal,n064
n065.WAV,Normal,n065
n066.WAV,Normal,n066
n067.WAV,Normal,n067
n068.WAV,Normal,n068
n069.wav,Normal,n069
n070.WAV,Normal,n070
n071.WAV,Normal,n071
n072.WAV,Normal,n072
n073.WAV,Normal,n073
n074.WAV,Normal,n074
n075.wav,Normal,n075
n076.wav,Normal,n076
n077.WAV,Normal,n077
n078.WAV,Normal,n078
n079.wav,Normal,n079
n080.WAV,Normal,n080
n081.WAV,Normal,n081
n082.WAV,Normal,n082
n083.wav,Normal,n083
n084.WAV,Normal,n084
n085.WAV,Normal,n085
n086.WAV,Normal,n086
n087.WAV,Normal,n087
n088.wav,Normal,n088
n089.WAV,Normal,n089
n090.WAV,Normal,n090
n091.WAV,Normal,n091
n092.wav,Normal,n092
n093.WAV,Normal,n093
n094.wav,Normal,n094
n095.WAV,Normal,n095
n096.WAV,Normal,n096
n097.WAV,Normal,n097
n098.WAV,Normal,n098
n099.WAV,Normal,n099
n100.WAV,Normal,n100
n101.WAV,Normal,n101
n102.WAV,Normal,n102
n103.WAV,Normal,n103
n104.WAV,Normal,n104
n105.WAV,Normal,n105
n106.WAV,Normal,n106
n107.wav,Normal,n107
n108.WAV,Normal,n108
n109.WAV,Normal,n109
n110.WAV,Normal,n110
n111.wav,Normal,n111
n112.wav,Normal,n112
n113.wav,Normal,n113
n114.wav,Normal,n114
n115.wav,Normal,n115
n116.wav,Normal,n116
n117.wav,Normal,n117
n118.wav,Normal,n118
n119.wav,Normal,n119
n120.wav,Normal,n120
n121.wav,Normal,n121
n122.wav,Normal,n122
n123.wav,Normal,n123
n124.WAV,Normal,n124
n125.wav,Normal,n125
n126.WAV,Normal,n126
n127.WAV,Normal,n127
n128.WAV,Normal,n128
n129.WAV,Normal,n129
n130.WAV,Normal,n130
n131.WAV,Normal,n131
n132.wav,Normal,n132
n133.wav,Normal,n133
n134.wav,Normal,n134
n135.wav,Normal,n135
n136.wav,Normal,n136
n137.wav,Normal,n137
n138.WAV,Normal,n138
n139.wav,Normal,n139
n140.WAV,Normal,n140
n141.wav,Normal,n141
n142.WAV,Normal,n142
n143.WAV,Normal,n143
n144.WAV,Normal,n144
n145.WAV,Normal,n145
n146.WAV,Normal,n146
n147.WAV,Normal,n147
n148.WAV,Normal,n148
n149.WAV,Normal,n149
n150.wav,Normal,n150
n151.WAV,Normal,n151
n152.wav,Normal,n152
n153.WAV,Normal,n153
n154.WAV,Normal,n154
n155.WAV,Normal,n155
n156.wav,Normal,n156
n157.wav,Normal,n157
n158.WAV,Normal,n158
n159.wav,Normal,n159
n160.WAV,Normal,n160
n161.WAV,Normal,n161
n162.WAV,Normal,n162
n163.WAV,Normal,n163
n164.WAV,Normal,n164
n165.WAV,Normal,n165
n166.WAV,Normal,n166
n167.WAV,Normal,n167
n168.WAV,Normal,n168
n169.WAV,Normal,n169
n170.WAV,Normal,n170
n171.wav,Normal,n171
n172.WAV,Normal,n172
n173.WAV,Normal,n173
n174.wav,Normal,n174
n175.WAV,Normal,n175
n176.WAV,Normal,n176
n177.wav,Normal,n177
n178.wav,Normal,n178
n179.WAV,Normal,n179
n180.wav,Normal,n180
n181.WAV,Normal,n181
n182.wav,Normal,n182
n183.wav,Normal,n183
n184.wav,Normal,n184
n185.wav,Normal,n185
n186.wav,Normal,n186
n187.wav,Normal,n187
n188.wav,Normal,n188
n189.wav,Normal,n189
n190.wav,Normal,n190
n191.wav,Normal,n191
n192.wav,Normal,n192
n193.wav,Normal,n193
n194.wav,Normal,n194
n195.wav,Normal,n195
n196.wav,Normal,n196
n197.wav,Normal,n197
n198.wav,Normal,n198
n199.wav,Normal,n199
n200.wav,Normal,n200
n201.wav,Normal,n201
n202.wav,Normal,n202
n203.wav,Normal,n203
n204.wav,Normal,n204
n205.wav,Normal,n205
n206.wav,Normal,n206
n207.wav,Normal,n207
n208.wav,Normal,n208
n209.wav,Normal,n209
n210.wav,Normal,n210
n211.wav,Normal,n211
n212.wav,Normal,n212
n213.wav,Normal,n213
n214.wav,Normal,n214
n215.wav,Normal,n215
n216.wav,Normal,n216
n217.wav,Normal,n217
n242.WAV,Normal,n242
n243.WAV,Normal,n243
n244.WAV,Normal,n244
n245.WAV,Normal,n245
n246.WAV,Normal,n246
n247.WAV,Normal,n247
n248.WAV,Normal,n248
n249.WAV,Normal,n249
n250.WAV,Normal,n250
n251.WAV,Normal,n251
n252.WAV,Normal,n252
n253.WAV,Normal,n253
n254.WAV,Normal,n254
n255.WAV,Normal,n255
n256.WAV,Normal,n256
n257.WAV,Normal,n257
n258.WAV,Normal,n258
n259.WAV,Normal,n259
n260.WAV,Normal,n260
s001.wav,Sad,s001
s002.wav,Sad,s002
s003.wav,Sad,s003
s004.WAV,Sad,s004
s005.wav,Sad,s005
s006.wav,Sad,s006
s007.wav,Sad,s007
s008.wav,Sad,s008
s009.wav,Sad,s009
s010.wav,Sad,s010
s011.WAV,Sad,s011
