filename,speaker_id,accent,mfcc_1,mfcc_2,mfcc_3,mfcc_4,mfcc_5,mfcc_6,mfcc_7,mfcc_8,mfcc_9,mfcc_10,mfcc_11,mfcc_12,mfcc_13,zcr,rms,centroid,bandwidth,rolloff
b001.WAV,B001,Batangas,-368.34152,41.984646,-42.2471,6.959081,-35.994007,-36.828068,-9.725045,-24.07753,-12.587987,-15.326992,-17.214815,-13.762362,-17.661129,0.12717848557692307,0.02682705,2391.0830332888972,2147.810571989914,4162.278973280326
b002.WAV,B002,Batangas,-382.72772,67.685616,-56.752655,0.120779894,-40.35323,-30.378876,-8.69935,-43.594208,-11.48951,-10.133186,-18.959885,-9.800558,-23.841175,0.12865492876838236,0.026107183,2129.685173109143,1973.226164987386,4049.4560690487133
b003.WAV,B003,Batangas,-528.6188,40.574802,-13.876218,-4.2036347,-12.6967325,-18.785913,-4.757595,-12.302386,-7.34372,-10.403186,-11.890382,-10.564283,-17.552504,0.26048477836277173,0.015271343,2994.397765519413,2564.7495691452386,5695.9418255349865
b004.WAV,B004,Batangas,-405.7051,71.99852,-25.084244,-3.3527937,-24.098827,-20.741484,-13.436183,-33.16546,-21.072971,-12.936509,-14.53456,-4.886772,-19.907505,0.13095027842420212,0.044371326,2107.3618980674187,2033.4169684692615,3905.5274476396276
b005.WAV,B005,Batangas,-267.9025,99.18765,-35.758865,29.050377,-4.5568676,-10.6082,8.610213,-4.6091714,-9.175695,-4.043667,-8.676759,-2.891067,1.0552392,0.1008526638215859,0.072252534,2004.3739334224413,1792.0554826684843,3623.696590205121
b006.WAV,B006,Batangas,-467.3515,74.06814,-33.096157,6.1233697,-24.323786,-33.524635,-2.7871344,-34.589077,-11.606755,-17.010632,-18.725815,-8.029042,-26.2542,0.09909986413043478,0.016317371,1922.447831103412,2019.5944728109637,3559.251231317935
b007.WAV,B007,Batangas,-426.43912,46.616825,-22.549784,-19.307665,-29.329567,-25.180628,-9.870044,-15.764848,-23.067835,-14.321895,-13.849415,-11.581744,-16.48877,0.2511638484589041,0.026559085,2946.814051667557,2390.5868309079788,5066.497217465753
b008.WAV,B008,Batangas,-563.0248,53.902264,-26.896128,1.929159,-29.770164,-17.121399,-4.6985583,-24.472036,-7.7818136,-9.492645,-6.59799,-6.4099708,-15.206391,0.27685853970125784,0.008435945,2703.9880716083308,2161.8928269808443,4892.303121314859
b009.WAV,B009,Batangas,-325.9899,17.880995,-38.99455,-20.412651,-18.501152,-16.90081,-18.133202,-14.831787,-24.23008,-5.6610785,-18.72823,-6.780522,0.54345304,0.15181477864583334,0.07944,2578.4409083622686,2271.1228279123434,4525.262451171875
b010.WAV,B010,Batangas,-447.49857,72.66779,-54.898365,2.9072344,-41.69029,-29.218727,-3.9747612,-37.033005,-9.265023,-10.330207,-14.984902,-11.790292,-20.769547,0.11515696455792683,0.016534455,2010.8060066056905,1914.1265796149523,3822.274854706555
b011.WAV,B011,Batangas,-342.66006,55.1641,-37.459568,-40.673042,-42.395126,-6.3076406,-12.386979,-18.192598,-25.071367,1.5703727,-5.702844,-4.8687253,5.574986,0.11627197265625,0.06601998,2064.253228597996,2098.7855016336644,3955.9919877485795
b012.WAV,B012,Batangas,-411.7679,21.2176,-30.504427,-17.535456,-19.80393,-21.159777,-14.001747,-22.842813,-25.035604,-4.9752736,-19.03405,-1.8284627,5.3491664,0.23078155517578125,0.03700768,3051.727359211504,2544.6220762098183,5762.038421630859
b013.WAV,B013,Batangas,-445.8355,45.109634,-21.509693,1.7408304,-16.523981,-24.146456,-8.01324,-18.01268,-23.261251,-14.149574,-14.359766,-12.555774,-24.367731,0.16414023631840796,0.026645921,2378.27280121388,2208.330284296485,4179.744709071829
b014.WAV,B014,Batangas,-396.42252,46.19069,-44.674732,1.5032494,-37.632305,-28.960712,-14.799755,-33.837452,-8.771341,-17.850006,-18.559662,-15.058946,-16.24128,0.13295566099476439,0.020788142,2500.5689630557517,2210.423442160661,4655.62507669339
b015.WAV,B015,Batangas,-405.3756,61.345753,-38.269775,-33.920612,-31.591051,-9.961794,-9.241433,-36.313663,-21.301767,-6.5114365,-26.806133,-11.704426,-22.554783,0.13287510016025642,0.020401925,2197.9891695876972,2267.681369930627,4253.221717247596
b016.WAV,B016,Batangas,-456.9819,57.362045,-27.057737,-17.147476,-30.84635,-11.609157,-17.430315,-29.272694,-22.161598,-21.485512,-17.28368,-10.449274,-18.39353,0.15960761938202248,0.019251158,2132.604624419122,2114.1167032987446,3911.663612622893
b017.WAV,B017,Batangas,-451.10776,50.010773,-26.291536,-28.931055,-28.28186,-11.148158,-11.154486,-22.786352,-17.440342,0.63863474,-5.631239,1.789867,1.6323186,0.12677850786423842,0.035310652,2221.1653412704177,2233.21848706102,4206.176111082367
b018.WAV,B018,Batangas,-475.84882,57.565258,-11.74771,-13.644808,-26.711737,-22.182869,-5.37968,-23.538767,-15.650975,-11.945689,-14.679353,-13.484432,-18.652208,0.14268720910904256,0.020381281,2300.3729966208016,2320.4065484150606,4420.319902135971
c001.wav,C001,Cavite,-222.01776,124.53949,-47.9875,-0.5343346,-37.936684,-9.043905,-0.57085186,-15.512513,-30.298147,-12.276188,1.5052705,-0.5377588,-1.3634306,0.07876773756377552,0.13436832,1477.232511263398,1474.4901384360196,2552.1240234375
c002.wav,C002,Cavite,-270.58682,130.79634,2.516657,11.405978,-14.312528,-13.135056,11.265907,-24.18858,-11.867617,3.8179984,-15.952734,2.8615654,-5.96109,0.05701062694099379,0.06865961,1424.8671852191112,1911.3468301566868,2664.2323369565215
c003.wav,C003,Cavite,-195.11856,114.49514,5.840067,6.7037525,-15.260863,-24.478374,9.599433,-20.661684,-24.097906,7.3550963,-21.95265,1.4286364,-6.021202,0.06928168402777778,0.11415192,1887.0417349738373,2268.340988275902,4000.482647235577
c004.wav,C004,Cavite,-221.79779,134.66646,-6.4925284,16.453512,-27.292412,-14.231023,28.877642,-24.301474,-12.111216,0.74977523,-13.419005,0.61265683,-3.6932657,0.083251953125,0.08120468,1721.7541824984128,1911.0229175757904,3417.913909456623
c005.wav,C005,Cavite,-156.42209,122.42944,-17.583456,9.213189,-16.359148,-23.973475,13.378411,-35.275723,-14.316205,5.1392245,-8.892179,6.6117744,-10.87614,0.08672443871359223,0.12119023,1862.736357063382,2067.913166335006,3758.1711259860435
c006.wav,C006,Cavite,-252.25792,139.49498,-2.8891344,23.012526,-9.958957,-22.20746,4.8099427,-30.44554,-8.5088,7.731602,-14.182468,6.2614517,-7.30204,0.06119239936440678,0.07197845,1430.3761849403534,1829.3806637287908,2894.573457362288
c007.wav,C007,Cavite,-278.97375,115.426834,23.689043,21.576406,-15.310705,-4.0379066,23.992323,-17.048275,-1.605138,3.3599145,-9.114347,6.734749,-4.6794825,0.12531615332733814,0.046567418,2233.2511371056307,2202.5982534506447,4029.8847445481115
c008.wav,C008,Cavite,-200.8717,132.23698,-36.383583,-0.8007561,-39.704945,-9.280493,-3.788464,-15.49776,-33.11776,-21.643894,-2.0568423,1.2038864,-9.424505,0.066961669921875,0.13903525,1356.673489934153,1437.2927366494691,2215.4974365234375
c009.wav,C009,Cavite,-131.3506,82.29842,3.0029693,12.111531,-6.3882327,-22.311625,19.179583,-26.494913,-8.850671,8.447973,-16.357403,11.179431,-7.3200226,0.12900709069293478,0.13949025,2812.900199095376,2701.3943093311937,5742.694622537364
c010.wav,C010,Cavite,-177.1206,146.47975,-22.600174,2.6175482,-15.958719,-25.453402,21.747988,-31.043146,-11.278968,9.624574,-16.188696,10.787821,-5.469127,0.06817195391414141,0.12879685,1519.3339515161392,1789.9620418990032,2766.5815873579545
c011.wav,C011,Cavite,-219.17456,135.90468,-12.466975,8.501838,-12.944364,-24.767773,19.656399,-29.649271,-13.150794,3.9901366,-17.438015,7.6625514,-6.649947,0.06826839091614907,0.08968686,1592.760021868459,1945.385029720319,2999.3344514266305
c012.wav,C012,Cavite,-227.79855,109.03979,10.526033,14.106952,-14.827892,-18.992674,10.323284,-20.292349,-17.022161,7.4367332,-17.072313,6.971006,-3.5461388,0.08976063829787234,0.11460509,1910.9770677898143,2071.464572300303,3645.983626994681
c013.wav,C013,Cavite,-196.96013,106.052086,4.8825274,2.419479,-20.52104,-16.34077,16.018286,-22.9228,-17.711525,9.504271,-13.618995,5.728483,-5.9887605,0.07540070064484126,0.13354051,1862.2593659055265,2181.712091993893,3583.48388671875
c014.wav,C014,Cavite,-231.82652,99.46803,6.0123296,11.862262,-15.218002,-21.602163,19.242174,-11.646748,-19.614246,2.0762234,-23.282833,3.5414665,0.15518178,0.09487072172619047,0.10449019,2038.2825564521418,2172.906473893749,4025.5810546875
c015.wav,C015,Cavite,-267.3839,85.45079,-45.423435,0.2718711,-24.631102,-2.508643,-17.557714,-13.327969,-24.276937,-17.248781,7.6305165,-2.1503248,-7.7580247,0.08817218864051095,0.12458917,1709.616057215513,1648.5601397614405,2924.8219733690694
c016.wav,C016,Cavite,-242.42969,100.22645,-37.776497,11.723251,-10.327312,-4.3481994,-12.634721,-7.674841,-23.5546,-22.808416,0.12422953,-2.6974804,-8.86662,0.08945436115506329,0.10259566,1782.827315497395,1762.9139450845275,3156.454120104826
c017.wav,C017,Cavite,-248.17216,115.43522,-41.624283,7.7164407,-13.549778,-17.630768,-1.7592024,-4.370508,-25.515911,-13.419285,1.2560159,1.7345846,-8.788861,0.09854517227564102,0.0877338,1751.0464005285787,1661.8970552936714,2931.7364032451924
c018.wav,C018,Cavite,-185.21094,113.074196,-46.52831,7.2928295,-21.810646,-15.657854,-4.5481405,-7.020976,-32.82611,-17.171516,-0.6418315,-2.7254415,-5.43375,0.09914805406441718,0.12524286,1760.2252970887448,1584.0027694648925,2918.9379733032974
c019.wav,C019,Cavite,-173.207,86.318344,-8.740489,6.4463305,-17.4363,-20.132467,11.230152,-24.892267,-24.36346,9.12833,-17.11891,11.571942,-6.090773,0.1041259765625,0.17023227,2208.5597441771274,2215.9226761386267,4225.018145586993
c020.wav,C020,Cavite,-206.57681,130.91107,-2.8397605,-14.546161,-26.69972,-23.813467,24.310848,-22.223053,-24.03554,14.249317,-19.117659,4.1938972,-2.4490821,0.10721402554898649,0.12545276,1896.568529953727,1980.9777845045996,3243.5842153188346
c021.wav,C021,Cavite,-220.71414,97.50812,0.99313945,-5.420318,-12.217047,-10.361507,18.38322,-20.074972,-20.292984,6.0692477,-15.400978,4.904721,3.77041,0.11493551320043104,0.09802453,2273.3904681443664,2347.0385137674934,4353.512468009159
c022.wav,C022,Cavite,-242.7004,98.71795,13.615481,-4.6182804,-25.47579,-11.959836,10.936562,-13.447639,-14.533573,-2.9166987,-13.303141,2.9692674,2.3556163,0.09520828963926174,0.09385891,1973.776203577749,2155.544333121935,3657.1760958473155
c023.wav,C023,Cavite,-224.41264,108.412384,12.428111,-11.83279,-25.36894,-17.773006,16.564163,-20.15756,-25.180313,7.9166193,-12.982418,12.1292,0.93594664,0.08803374191810345,0.10902388,1978.778239538346,2228.9942454091743,4025.2239358836205
c024.wav,C024,Cavite,-177.05994,112.81958,-3.8946335,23.847301,-12.064012,-22.848145,14.480342,-22.018593,-13.572451,3.3400476,-15.447829,5.89545,-3.831944,0.1055753466109155,0.096541144,2122.230266562917,2148.2654604562554,4040.508431448063
c025.wav,C025,Cavite,-203.6529,103.42148,11.994493,30.192934,-14.115802,-21.929588,16.109028,-21.555273,-17.644255,1.2070856,-20.524702,2.2004595,-4.629335,0.10565816945043104,0.09061321,2225.3777190416713,2279.71468826399,4409.108970905172
c026.wav,C026,Cavite,-257.47287,151.15762,7.012716,11.664129,-18.815569,-21.884567,19.849272,-17.841625,-15.587959,1.3718677,-20.08156,1.8951001,-9.377629,0.05190641983695652,0.07596699,1325.4270763035538,1808.3685770755947,2400.2967900815215
c027.wav,C027,Cavite,-264.30432,147.71663,2.353565,10.59714,-21.668179,-14.070915,22.775087,-16.212,-10.64854,4.024997,-9.847834,-0.45651048,-5.9694924,0.06655458860759493,0.06661334,1444.3647592256502,1794.2331133358857,2711.8888758405856
c028.wav,C028,Cavite,-178.68214,123.525154,-5.6704197,19.990135,-13.81373,-24.084177,18.046026,-22.701393,-11.911095,6.4261193,-10.244631,4.968852,-11.656168,0.09228204617834394,0.11575332,1918.0616929930184,2068.5317135231744,3723.5982907046177
c029.wav,C029,Cavite,-174.94562,111.3877,-6.7524996,13.106937,-19.49726,-20.820248,15.373502,-33.66193,-17.411333,7.4210305,-21.327309,3.8638504,-13.048424,0.07447574013157894,0.14318554,1853.8893312621294,2124.473318535249,3698.3681126644738
c030.wav,C030,Cavite,-290.02704,116.88394,11.888225,27.280283,-9.295018,-15.995513,9.676521,-12.743352,-14.271328,-1.2530025,-20.634127,0.6889121,-3.3737743,0.06048154159330986,0.065017395,1563.4725882451357,1994.380676212964,3133.1568758252643
c031.wav,C031,Cavite,-181.89818,112.54704,0.5786642,16.33199,-15.491419,-18.308817,13.111053,-22.173328,-17.181707,-1.6634372,-18.726473,1.035373,-6.925212,0.06787109375,0.12624995,1821.0537316314305,2176.895231614634,3709.6998596191406
c032.wav,C032,Cavite,-223.58908,99.00707,13.82034,7.2374206,-11.592578,-13.13306,9.605243,-23.959583,-15.717147,-1.2799624,-15.805092,1.9140111,-9.92878,0.094775390625,0.07873324,2210.53562782344,2476.24279519198,4474.922607421875
c033.wav,C033,Cavite,-212.44926,120.430275,3.3260214,14.611337,-20.159101,-20.856178,14.051808,-20.925568,-13.928773,0.5348542,-20.64819,6.028598,-8.754561,0.06753763338414634,0.10082703,1770.573436931402,2134.889195257299,3543.6124475990855
c034.wav,C034,Cavite,-217.53029,97.76851,12.270247,11.129574,-19.680199,-18.563536,3.3214335,-18.739199,-10.499778,-5.587602,-12.615764,5.5163927,-2.107795,0.09140082465277778,0.10647083,2121.2818972910077,2333.888202920898,4207.8271484375
c035.wav,C035,Cavite,-202.26581,136.29863,1.8037863,28.666445,-6.16254,-19.47861,30.968382,-21.396362,-16.000982,-1.2692709,-12.461835,8.231912,-9.313107,0.06567821388473054,0.10156858,1613.7293643239914,2027.343285834078,3315.0817505613772
c036.wav,C036,Cavite,-261.5806,131.44016,15.058923,27.926579,-12.175625,-21.853506,18.218485,-18.70353,-14.689943,-3.2501388,-24.627804,6.4738655,-8.978124,0.047021152210884355,0.08011519,1447.282770585899,1989.0594884505317,2829.4921875
c037.wav,C037,Cavite,-223.38774,147.59436,-3.2262459,18.060343,-22.703043,-21.343594,33.735535,-33.08126,-13.166492,11.253628,-17.510757,9.608557,-8.429272,0.057057883522727275,0.08164211,1474.7752475327463,1850.7540137908138,3105.479403409091
c038.wav,C038,Cavite,-174.78133,109.55167,-15.208892,5.224483,-17.324266,-24.07473,9.655717,-32.893093,-19.276865,2.4689207,-13.537848,9.116369,-7.300851,0.08870901188380281,0.1280098,1956.9437055259575,2148.7457433849413,3829.19492049956
c039.wav,C039,Cavite,-315.8483,137.43417,5.710011,3.0838752,-9.9287405,-14.12932,15.432421,-24.259274,-9.378823,0.37425297,-8.896776,3.846714,-4.8922524,0.07397896902901786,0.037983485,1638.1858454275305,2158.63476268391,3230.6533813476562
c040.wav,C040,Cavite,-221.10796,102.08906,-20.137207,16.625725,-10.179469,-21.818434,5.2733736,-30.206991,-5.7913046,5.692132,-10.280752,5.4800863,-5.3117614,0.07032236426767677,0.10788662,1786.404581857789,2037.3611337709438,3626.495916193182
c041.wav,C041,Cavite,-248.9954,130.02957,-10.98087,3.9761243,-31.52482,-18.839401,17.659023,-27.33871,-4.606311,9.923859,-3.1544564,8.691628,-12.468469,0.059511931046195655,0.10512724,1404.1051078060739,1727.0853087334317,2809.146781589674
c042.wav,C042,Cavite,-211.40277,117.18678,-4.950033,10.0438175,-5.9807334,-29.323263,8.086003,-28.545298,-15.828916,1.8382007,-17.87086,9.473916,-9.326245,0.05889622511061947,0.121933885,1616.103329621837,2113.780827052691,3083.059233268805
c043.wav,C043,Cavite,-213.6657,122.2255,4.2545924,21.67083,-16.65514,-20.266418,28.66402,-27.518429,-17.872353,3.5870078,-15.649128,5.2570257,-5.9894023,0.06587878568672839,0.099081874,1711.1785299009334,2086.1483283545263,3487.1826171875
c044.wav,C044,Cavite,-217.56232,122.9945,-14.731022,-3.5352874,-15.580923,-20.054886,21.570307,-25.67785,-24.830246,8.360227,-21.357176,7.0675006,-0.4028514,0.09274542136270492,0.11367062,1832.780239132916,1940.4652790566151,3298.9926197489754
c045.wav,C045,Cavite,-242.42844,117.121826,27.451221,15.581346,-12.277907,-18.465122,-5.7638307,-15.07148,-16.652517,-9.775737,-15.3838005,-2.0658941,-8.63756,0.0499418075770548,0.12777017,1434.6942732288408,1978.8150399378605,2780.3642377461474
c046.wav,C046,Cavite,-261.4009,149.3211,8.790305,12.367464,-12.873038,-19.47212,23.679283,-19.557373,-16.468847,7.311546,-16.747742,1.9274217,0.82793283,0.059060615405701754,0.07503141,1401.2642392424748,1928.0021225068378,2591.3509971217104
l001.wav,L001,Laguna,-235.3207,149.9385,-14.450255,15.322055,4.042901,25.8192,-14.921617,3.4670508,-10.966744,-2.4740303,-8.259334,1.4829463,-0.5720437,0.05946967437977099,0.07538511,1339.4270903648621,1664.208287461542,2444.3473058802483
l002.wav,L002,Laguna,-219.21793,145.57945,-0.5534524,21.109873,-11.0253935,16.93283,-17.019634,3.3452473,3.2805774,-3.9809759,-18.020103,2.3130317,-1.5021188,0.05789249501329787,0.091743045,1338.0846961384957,1746.8343693814058,2566.803627825798
l003.wav,L003,Laguna,-215.00859,156.17386,-7.903367,15.586609,8.629198,21.159506,-20.965809,6.4224963,-6.9289594,1.0087742,-13.442346,-3.5293465,-3.2138066,0.03806849888392857,0.124835566,1094.1689900512376,1565.1171582246523,1909.4375610351562
l004.wav,L004,Laguna,-202.49104,147.6178,-13.566315,20.283205,3.522881,15.781118,-20.736992,-0.76083195,-4.2339034,-1.0126909,-17.033342,1.0306941,-3.651001,0.04851050515776699,0.116506994,1243.0234892698484,1672.066780563289,2229.6272944478155
l005.wav,L005,Laguna,-225.18459,145.46011,-7.8542957,23.927801,3.6148374,15.743617,-14.814533,-0.33187944,-2.0857093,-3.189539,-16.494328,-2.719372,-4.145648,0.0469677734375,0.11296201,1194.4999944019014,1621.8929435627194,2245.482421875
l006.wav,L006,Laguna,-220.18942,146.44368,-15.382313,16.335367,1.046129,22.542988,-16.023485,3.9205575,-3.2585433,-10.393513,-4.814285,-1.1436942,-4.8285046,0.057533822408536585,0.09156445,1297.4283396834207,1653.3941876307722,2358.1483422256097
l007.wav,L007,Laguna,-224.30348,153.27716,-17.382328,21.008255,2.1878884,22.559256,-19.790104,1.744712,-5.673166,-9.464343,-9.786418,3.9163558,-6.539286,0.045985068044354836,0.09394895,1159.0092849888783,1579.4338137929076,2188.3985950100805
l008.wav,L008,Laguna,-235.25426,153.56384,-14.033865,17.203444,-3.2140965,21.243273,-21.0569,8.540057,0.8807948,-4.885118,-6.4757495,3.1397665,-2.5346487,0.056073429608585856,0.0724603,1271.9885943334084,1636.5127669612943,2361.474609375
l009.wav,L009,Laguna,-253.69533,151.94722,-19.770468,17.485683,-0.83388275,19.346655,-23.160831,4.7170987,-1.0167525,-3.553031,-7.923905,5.044257,-7.0614634,0.04752052436440678,0.07236135,1218.4353591004824,1608.6669723150158,2230.055159229343
l010.wav,L010,Laguna,-249.71263,149.52797,-10.084322,21.686047,4.1321197,21.98966,-20.781992,5.781157,-2.3762157,-1.1989745,-8.929403,4.5720596,-9.095625,0.04707919034090909,0.057215497,1245.9137592497168,1730.0727488874268,2357.9836203835225
l011.wav,L011,Laguna,-235.49425,138.68958,-21.730455,15.095734,-2.0606089,22.797693,-10.0571785,2.8897521,-7.599124,-1.6887306,-8.456712,7.9812636,-4.0081987,0.06841244904891304,0.07415791,1501.8667122879663,1755.2012073199019,2747.823963994565
l012.wav,L012,Laguna,-273.1048,147.54745,-19.117289,18.98296,0.11992649,16.930166,-20.68977,8.418799,0.31085584,3.3732367,-8.263896,2.470203,-5.468718,0.04746823890186916,0.04415836,1281.950626967828,1713.3220787096532,2373.4822210864486
l013.wav,L013,Laguna,-259.52267,151.04797,-13.715235,14.105591,-7.5243125,12.841762,-23.449074,11.788539,2.1898775,1.3876388,-5.032879,0.21464176,-1.7022388,0.053971087346311473,0.052748557,1299.9832921561563,1692.4155964588101,2314.3780817751026
l014.wav,L014,Laguna,-220.44093,152.76367,-11.499394,25.793043,0.5501147,17.313978,-31.688173,7.0552855,-0.63236636,-10.062474,-4.600191,-1.1881776,-7.6738667,0.04252787469660194,0.0949009,1161.7497373400436,1616.2414096106859,2130.9508684769417
l015.wav,L015,Laguna,-238.71494,149.96548,-6.0111866,18.922806,-9.479222,13.405508,-19.972416,10.36586,-1.5557556,-3.5672626,-12.599352,2.873643,-8.792169,0.04875912873641304,0.08739794,1258.6845800403228,1674.117790720465,2325.0007961107335
l016.wav,L016,Laguna,-225.1326,138.9109,-19.262411,19.309906,6.0453386,22.505428,-21.465786,3.8217196,-0.10319233,-4.8890424,-9.152488,2.8965442,-7.60504,0.06599644252232142,0.09288365,1417.3653518366823,1714.5457262685284,2690.3045654296875
l017.wav,L017,Laguna,-217.33919,149.10052,-13.608842,20.862795,-3.1243734,13.337232,-25.394966,11.166482,-2.6647682,-10.116489,-5.3587465,1.7815456,-9.491671,0.059623491646039604,0.09675292,1330.7573872920143,1677.251797648312,2641.2285833075493
l018.wav,L018,Laguna,-248.60077,156.27452,-12.198094,18.259008,6.7917767,9.022977,-21.916178,12.082705,-2.9803052,-2.623695,-10.030071,-1.7059181,-7.9500513,0.04468873170045045,0.07819237,1144.7460119130235,1567.9648457220926,2131.399123733108
l019.wav,L019,Laguna,-227.30774,170.99855,-12.715759,11.434865,0.19968504,8.7318735,-19.803545,8.585428,3.767812,-10.573285,-12.168726,3.5779934,-9.228416,0.03938625169836957,0.11004427,989.6157868302415,1376.7484671069615,1725.4649286684783
l020.wav,L020,Laguna,-234.21834,155.50891,-2.1834245,19.164186,-2.1281,21.290073,-24.984962,14.841324,1.7198154,-2.3253074,-9.913141,-0.2424207,-7.660719,0.04959739829009434,0.072575726,1258.1958686833334,1720.6340050240537,2494.8044111143868
l021.wav,L021,Laguna,-349.212,84.43724,-32.275776,18.28089,-27.872744,-29.98372,-25.113686,-17.411469,-33.071518,-8.64544,-25.267298,-8.766789,-12.635442,0.08866613051470588,0.041541565,1779.1654566852978,1846.3998456412726,3355.1987591911766
l022.wav,L022,Laguna,-272.28766,90.42688,18.098366,21.408485,-26.208147,-20.746628,-23.992268,15.06767,-25.586552,-1.28385,-13.526978,-1.8623483,-2.624579,0.11741818405511811,0.07202504,2348.274721345105,2188.844215786402,4453.812438484252
l023.wav,L023,Laguna,-308.3157,114.94568,11.349748,13.283618,-18.662619,-14.3761635,-34.647564,3.7803607,-35.865326,4.478297,-20.203588,-3.142456,-12.154423,0.04676804315476191,0.06461613,1564.358099903503,2068.2784212067077,3126.005859375
l024.wav,L024,Laguna,-352.52655,101.55341,3.1386244,20.562107,-18.484718,-15.607178,-23.30675,5.9590216,-17.84153,-10.144543,-23.552439,5.6014295,-5.796408,0.07009433178191489,0.053393815,1691.9014790409067,1956.2804175868923,3427.9026761968084
l025.wav,L025,Laguna,-329.1456,120.416916,-0.9146893,12.141469,-9.5318165,-12.222762,-9.643767,5.852588,-30.661297,0.6192965,-14.569611,11.812223,-9.981162,0.07100906905594405,0.048665877,1583.402743174187,1903.602378820472,2831.164465417395
l026.wav,L026,Laguna,-343.35858,102.43239,-6.901706,23.778921,-34.70531,4.8348355,-9.250589,6.0321536,-31.6718,9.155657,-11.026428,-5.033535,-0.1995982,0.07314253826530612,0.038810804,1744.5691933517412,1887.3764351939258,3402.57568359375
l027.wav,L027,Laguna,-327.4971,108.02574,-6.748583,24.89166,-20.76246,5.624577,-30.5715,7.4504957,-29.523909,-1.614837,-9.929435,-9.187503,-4.282518,0.07157628676470588,0.044775013,1692.419004083148,1932.231774594522,3303.80859375
l028.wav,L028,Laguna,-317.43616,67.235725,26.075905,-8.158998,-29.750679,5.517798,-20.882784,11.944418,-18.424946,6.6315093,-15.976935,17.163769,-1.1549954,0.2069091796875,0.060297564,3019.871948435702,2236.0818756561675,5135.0572065873575
l029.wav,L029,Laguna,-378.41394,112.64498,0.92055833,17.83706,-18.577953,-5.625183,-7.7918706,8.962323,-24.584274,-6.375738,-1.3941795,1.1271659,-7.3810716,0.054903954574742266,0.045646977,1401.8437351268562,1766.7185636543707,2689.6524645618556
l030.wav,L030,Laguna,-323.9993,106.461075,16.998049,-11.662545,-38.37534,0.6113546,-4.0233083,1.411228,-26.387924,-1.3366591,-16.872663,8.597548,-4.7226653,0.08431705013736264,0.059537064,1788.6463411308628,2022.3888006977102,3292.805363581731
l031.wav,L031,Laguna,-325.7785,89.36102,19.220194,-3.938459,-10.09614,-12.591974,-15.396888,15.222594,-28.414948,-0.06346973,-19.46671,9.871821,-2.4697597,0.13843209402901785,0.05163317,2377.0665690916735,2283.4902838238168,4211.183166503906
l032.wav,L032,Laguna,-332.2698,106.553185,5.6501093,14.913984,-21.71844,-6.1471887,-25.416204,0.33858076,-19.08185,-2.6213324,-12.607104,-1.6455667,-1.2653761,0.07026941636029412,0.050945453,1552.7576364523907,1852.2871140300151,2969.048713235294
l033.wav,L033,Laguna,-347.97723,127.71765,6.984013,12.448323,-23.40465,-7.677869,-17.289438,3.835246,-26.91539,-5.7123938,-11.897312,4.3305564,-8.544124,0.043634588068181816,0.05235542,1212.0911739231788,1655.7529177162867,2088.720703125
l034.wav,L034,Laguna,-335.697,124.12553,2.0822146,15.748366,-36.124348,-5.248301,-3.6038394,5.107416,-24.501532,-1.0269862,-9.093277,-0.03629788,-1.0964872,0.0603515625,0.052002426,1373.9411791168868,1596.9577526811422,2533.4326171875
l035.wav,L035,Laguna,-363.92734,104.79619,-0.25250378,32.822796,-31.24196,4.69525,-7.241802,8.6439,-27.06918,2.2110362,-7.535128,1.3506321,1.3644391,0.12175390625,0.0314804,1966.1429651343074,1758.171937556928,3367.8791015625
l036.wav,L036,Laguna,-251.24379,148.15822,-24.573904,19.225996,1.7445312,19.172102,-9.520656,8.172604,-9.820481,2.1459486,-3.6038392,-0.6153365,-3.1102285,0.058038725269784174,0.056318063,1334.2238614499454,1658.3432250220478,2554.627957790018
l037.wav,L037,Laguna,-250.04565,154.81725,-27.851984,15.347835,-2.473993,15.510995,-2.9180293,7.5000205,-6.1919456,1.5903698,-1.3341717,1.9121845,1.1870489,0.05683244977678571,0.055570755,1267.7631998072575,1556.216250164917,2351.1566162109375
l038.wav,L038,Laguna,-244.74985,151.74452,-24.046995,11.03191,2.5667064,25.424713,-15.4408455,2.6824937,-3.6807916,-3.7280223,-5.8185005,1.1178519,-2.511606,0.05441476632882883,0.060946405,1271.634210261138,1619.4177728584373,2204.6314136402025
l039.wav,L039,Laguna,-244.17935,149.43178,-22.922983,12.629354,-4.9769855,26.340815,-15.338452,6.299469,-7.0044346,-5.6418085,-2.2004437,4.60299,-1.6939454,0.057676478794642855,0.049999632,1361.085099408312,1700.5423711979524,2439.788818359375
l040.wav,L040,Laguna,-240.06047,125.274216,-11.893648,20.914267,0.62505335,31.96938,-13.773117,3.496076,-5.885904,-7.895206,-6.8806243,-0.09610634,-3.6099813,0.08315189549180328,0.061875638,1696.445647308255,1910.5783898411962,3256.3674676613728
l041.wav,L041,Laguna,-222.66144,150.94972,-2.1771214,14.487301,-10.320444,10.445388,-26.474154,11.560038,-4.6411114,0.5607968,-8.111636,1.8401028,-8.301609,0.05514753357438017,0.08558425,1332.5417540348083,1747.426590163792,2476.5852999096073
l042.wav,L042,Laguna,-234.15309,164.63013,-10.052377,14.063441,-22.068626,15.096888,-6.0926857,4.128302,-4.0540686,2.8504465,-5.546853,2.659415,-8.313651,0.05816150102459016,0.089220785,1157.645770814369,1479.9418931443063,1949.3726386398566
l043.wav,L043,Laguna,-243.89471,147.19603,-10.550551,24.515121,-24.680273,14.350549,-3.227902,0.8958028,-5.6971245,8.934211,-6.1536083,10.231786,-10.788913,0.08388461861559139,0.05524961,1512.266610180443,1703.586234936549,2716.4251512096776
l044.wav,L044,Laguna,-230.35875,166.07176,-14.294462,15.268749,-16.150549,16.765837,-9.766654,-4.940602,-6.9033885,5.6403527,1.0927749,3.181385,-12.052192,0.045690658244680854,0.099435546,1065.416585188223,1430.3767943456219,1823.2208901263298
l045.wav,L045,Laguna,-262.334,152.921,-15.22684,17.849512,-17.419096,11.334235,-6.6043634,4.6924047,-2.9882703,9.638872,5.532398,4.889084,-5.770092,0.05004384566326531,0.052943073,1233.3412916701977,1617.3716775343644,2321.4111328125
l046.wav,L046,Laguna,-234.52153,133.16177,-9.171346,28.379461,-15.601656,18.944553,-9.461223,6.5446386,-9.11639,6.4200983,1.4533299,0.41586578,-11.887538,0.07516239466292135,0.06104877,1574.2224889538275,1866.8825688564184,3178.2040028089887
l047.wav,L047,Laguna,-256.90582,155.76326,-9.623647,28.380415,-14.163562,15.024319,-7.436183,6.0157614,-5.8777013,6.669313,-3.6342077,2.6241572,-7.6964726,0.040717230902777776,0.05806393,1142.336489219005,1612.4807169604496,2210.9814453125
l048.wav,L048,Laguna,-244.22964,157.91191,-9.762574,22.337215,-16.97381,20.075882,-10.762897,7.2828918,-7.5858397,3.9814372,-2.633609,4.3792386,-7.286013,0.05199552837171053,0.060714997,1209.6552569738578,1630.832765295384,2241.790610865543
l049.wav,L049,Laguna,-357.6251,113.12281,-7.99851,24.011597,-24.600342,8.100945,-10.7920265,3.6318028,-13.594294,-8.458444,-2.812541,6.4920964,1.7814958,0.07800532322303921,0.03551904,1693.9244607475598,1856.6081434184273,3280.963493795956
l050.wav,L050,Laguna,-353.28705,106.53076,-6.9592094,25.239752,-18.111895,9.70325,-8.71821,1.602051,-18.79727,-6.4038005,-4.839071,1.3353523,-4.5954347,0.085205078125,0.036450837,1789.4319562914295,1817.5372501784234,3242.2512278837316
l051.wav,L051,Laguna,-325.7511,115.85332,-0.44488645,26.403278,-26.485876,3.6689584,-20.759819,6.4040895,-27.797146,-12.04893,-0.36508626,-0.645298,-6.0076704,0.08154684399801587,0.050163426,1680.272313421737,1797.3476520850038,3164.44091796875
l052.wav,L052,Laguna,-395.95682,139.01118,11.444534,27.636217,-16.168514,0.31409222,-23.83994,7.132142,-19.544102,-3.4700108,-9.644307,-2.4687655,-0.19028473,0.04837908063616071,0.03284051,1232.147268119406,1658.4720208500319,2302.899169921875
l053.wav,L053,Laguna,-360.2805,110.61965,-1.307595,36.141605,-16.880241,-1.4616592,-9.785976,5.1896005,-19.136868,-0.8473481,-8.969101,1.2823898,-3.0385487,0.0667126225490196,0.04569379,1571.5491425485695,1811.0111483232897,3102.9979032628676
l054.wav,L054,Laguna,-307.66876,98.08687,-14.487188,39.517834,-25.236883,-3.932015,-23.855732,3.7757137,-18.480135,-3.3994174,-3.8578146,-1.9780701,-7.453748,0.0794334041262136,0.058736566,1847.059818506722,1854.2057586902372,3661.5853022603155
l055.wav,L055,Laguna,-296.5209,80.79662,0.518524,47.373386,-26.094225,-0.080534995,-13.404662,4.788719,-23.050129,-3.2496114,-3.5703347,-3.9131522,-8.374518,0.1282465508643617,0.05225849,2306.8527829463424,1939.89362830646,4050.8765687333776
l056.wav,L056,Laguna,-319.29028,115.69545,-7.121506,27.093323,-24.275305,3.9747229,-13.461548,0.7217837,-26.314165,-1.4917859,-5.428202,-3.6369963,-3.4296215,0.07639382102272728,0.048836246,1663.5127820568732,1801.38736315795,3176.74978829764
l057.wav,L057,Laguna,-336.96082,99.69451,-11.184424,32.828514,-18.835718,1.7497952,-16.39445,6.07243,-14.422104,-4.7860084,-1.401266,-5.646116,-1.0384653,0.1012451171875,0.039427735,1951.6804394109856,1874.5621935180143,3701.019287109375
l058.wav,L058,Laguna,-243.92792,162.06862,-11.778591,13.766566,-14.1771965,6.661406,-23.815916,12.181491,-0.66558504,3.1890423,-5.3252015,1.6432678,-3.9111674,0.0529338877688172,0.057434287,1212.1245971405706,1593.87577448383,2150.4260647681454
l059.wav,L059,Laguna,-243.28555,163.11055,-13.080117,17.196434,-4.7031407,8.223887,-27.589983,6.968035,-1.7213298,5.453815,-2.19953,-2.425769,-2.4547083,0.048182091346153845,0.0589267,1155.7647565463062,1563.4181145044397,2021.3880333533655
q001.wav,Q001,Quezon,-197.39107,69.42685,4.7522974,6.3114,5.240531,-2.2769141,-2.0137064,-7.0809135,-6.7380357,-7.1332145,-3.2231934,-1.7872906,-11.024302,0.15297234195402298,0.107232854,2935.7302343144634,2830.199569862292,6007.949302936422
q002.wav,Q002,Quezon,-183.46284,97.90876,24.678474,25.154726,18.233013,12.227523,-3.2268555,-1.3618964,8.476715,5.5877833,6.116959,4.407811,-1.1426204,0.09099469866071429,0.13046166,2147.348620778635,2541.72667190144,4443.804931640625
q003.wav,Q003,Quezon,-160.93452,65.649254,14.049303,24.052258,15.82806,-4.5524297,-7.933106,-6.829505,-1.9200925,-0.13500723,4.3910303,4.9032655,-7.476414,0.12559349102209943,0.1319585,2891.7387002380765,2881.0883481091923,6059.098352253108
q004.wav,Q004,Quezon,-182.70464,88.91879,14.928541,25.584307,16.320555,4.6397567,-7.2392616,-9.690534,6.50427,-0.32186016,5.7673125,1.2533079,-1.3262826,0.09640279630335366,0.11205936,2349.383015139697,2685.187792189551,5057.808034012957
q005.wav,Q005,Quezon,-169.11305,59.628674,12.859851,15.469506,8.034435,-12.786399,-15.827056,-10.569707,-11.226718,-5.623374,-8.165881,-4.4219365,-8.962359,0.17287887893356643,0.1213985,3118.7539003174525,2907.0101174730116,6398.824710445804
q006.wav,Q006,Quezon,-202.90773,81.99736,-2.4626842,11.012637,5.3406677,-8.619014,-1.310339,-10.052801,-4.464683,-1.2493975,-1.424246,0.42908135,-7.301483,0.11401220995508982,0.11850794,2538.902932979996,2663.9774511194937,5221.157051132111
q007.wav,Q007,Quezon,-194.766,69.31211,9.658725,8.60316,15.654478,-6.729014,-16.792622,-5.268793,-5.428516,-1.50465,-3.6925268,-0.4636667,-14.676262,0.11059705196823204,0.1348056,2696.588607983602,2895.6202071687617,5987.182212534531
q008.wav,Q008,Quezon,-193.94926,84.27104,15.410658,9.723635,16.472551,8.510841,-6.633057,4.231683,4.044513,12.528466,4.2272964,4.5386705,-7.2387557,0.10596390845070422,0.12117346,2446.853044039709,2703.7844073202546,5206.789172535211
q009.wav,Q009,Quezon,-195.14342,66.519615,13.085624,12.86026,11.950212,-4.297101,-14.307965,-0.16839981,-1.770066,1.3255496,-2.1212385,-1.1772048,-15.439795,0.09786709872159091,0.13634469,2603.790321882795,2863.1996712802083,5974.6074329723015
q010.wav,Q010,Quezon,-196.5555,62.584984,14.535284,10.089291,11.172507,-10.412716,-14.000551,-6.0400076,-4.172941,5.043183,-4.640549,-2.3419065,-12.078131,0.14961729307432434,0.119304925,3136.523732154488,3053.4628464376347,6940.093169341216
q011.wav,Q011,Quezon,-191.90187,60.272015,7.227344,4.1695495,1.6339873,-2.2286701,-1.1824584,-7.8678846,0.2644706,5.294962,-6.999768,-1.2946538,-4.633347,0.20058984375,0.11553039,3374.5188519903545,2844.5820463025893,6439.3751953125
q012.wav,Q012,Quezon,-219.05704,72.96039,4.291701,10.360613,11.768826,-2.5448074,-6.628021,-4.049519,-7.511148,-0.6064521,-5.7364144,-2.744751,-7.004571,0.121917724609375,0.12058219,2778.7664826111145,2826.392118263574,5821.114540100098
q013.wav,Q013,Quezon,-196.4339,87.60227,3.713231,9.423024,10.211502,-1.2633741,3.571265,0.42348757,-4.093527,6.1515756,-2.5228221,1.3910868,1.9168042,0.10510164803832117,0.11318914,2473.7988088244924,2701.982282771459,5294.103023779653
q014.wav,Q014,Quezon,-206.93425,76.48647,10.627203,19.196302,19.391582,3.03128,2.0685248,0.4356452,-4.6224895,4.872838,-1.8962057,3.6672502,-4.8289456,0.0845001650528169,0.13505349,2482.0736446036026,2845.7251821983004,5637.377413897447
q015.wav,Q015,Quezon,-201.65648,69.51085,3.5167828,21.651438,11.586558,-8.001636,-5.1887197,-2.6083012,-1.0979397,-1.337067,-8.134766,0.6956691,-5.308153,0.10524946201347306,0.13696761,2563.588694416535,2698.141284750481,5321.602351936752
q016.wav,Q016,Quezon,-173.28378,87.75646,6.5604234,11.399587,11.291269,-4.5112805,-4.6686654,-5.469153,3.447056,3.3854399,-3.4578447,3.431974,-1.4379157,0.11078621748554913,0.11711007,2455.840628941635,2612.4411431851336,4971.493830157153
q017.wav,Q017,Quezon,-192.94052,89.54597,7.752282,8.704086,11.378753,0.45619506,3.1156297,-0.97954255,-0.59919924,6.4184217,0.22823876,5.793843,2.0255089,0.10656467013888889,0.12298798,2464.679070674771,2675.3107622619395,5147.6318359375
q018.wav,Q018,Quezon,-185.80594,83.70252,13.608679,26.723793,22.78521,-0.066563174,1.7570089,2.4473474,1.3009689,7.171962,-2.546893,6.636711,-2.5685856,0.08043077256944445,0.13256206,2350.544044493683,2738.8607892367986,5261.478678385417
q019.wav,Q019,Quezon,-193.48141,83.456696,10.692744,11.9020815,10.48176,-8.057829,1.3629175,-5.0444336,-6.998001,-0.15402146,-7.9411364,-0.753075,-4.42831,0.1009246826171875,0.13631985,2493.032174356932,2802.8133220524387,5450.255584716797
q020.wav,Q020,Quezon,-177.61429,69.000244,4.5467987,9.756247,10.25914,-11.912381,-4.9743977,-7.0291133,-6.341787,3.75254,-6.2126627,-4.208563,-5.6801233,0.15702930980960264,0.116403,3023.6456102043144,2771.820521634764,6039.207852597268
q021.wav,Q021,Quezon,-189.47835,118.18529,21.765524,21.732422,6.4263716,-5.8649826,3.8677232,0.5865921,-0.54005647,4.6041584,4.771592,8.291682,-3.4251294,0.053772615131578945,0.13877465,1615.1254400184482,2256.4545379174715,3166.2875205592104
q022.wav,Q022,Quezon,-157.43977,110.078316,4.886781,25.035646,11.412613,-11.565603,-9.632708,-9.89198,-0.42463362,7.6175766,-0.3903028,9.579281,-7.2685513,0.0980648118622449,0.14028668,2053.869428057378,2198.1326808502604,3801.15966796875
q023.wav,Q023,Quezon,-150.70354,101.34761,-6.732517,14.022709,10.9137,-19.617,-9.739518,-13.491637,-2.812906,-4.70357,-0.54271936,5.6641893,-13.686507,0.08002745430424528,0.16407397,1936.6642994572258,2335.4902593955285,3810.970666273585
q024.wav,Q024,Quezon,-164.20775,99.86189,-4.304683,15.916011,10.786566,-17.516817,-10.484306,-11.410167,-9.522414,-7.6800165,-3.5740192,6.450805,-14.5604105,0.07608130670362903,0.1414805,2036.842184620655,2401.4411909187274,4107.024358933972
q025.wav,Q025,Quezon,-130.37064,83.76061,-12.405913,10.796558,3.2135632,-18.313862,-21.681343,-4.009694,-2.9776294,6.808875,-1.9405762,2.295254,-8.399821,0.104970703125,0.17367576,2347.892275927675,2418.706383195418,4614.78076171875
q026.wav,Q026,Quezon,-175.66148,97.451385,-10.006939,8.270842,-2.9850638,-25.99211,-17.281878,-13.087473,-8.086537,0.1544755,-6.452495,-0.28444684,-16.202135,0.11154027478448277,0.1371795,2167.339492365788,2297.7092680163823,4076.532361260776
q027.wav,Q027,Quezon,-171.02841,104.835594,-14.636859,3.9461432,2.7061107,-14.957174,-19.695255,-11.493906,-3.1310637,1.140371,1.6686621,1.9478819,-12.265813,0.10162550403225806,0.116696484,2128.74379012103,2259.0121508157285,3961.7620652721776
q028.wav,Q028,Quezon,-173.9099,96.83201,0.1651305,10.8576145,0.0044461475,-12.609565,-14.612947,-7.876366,-4.683954,-0.18436009,-1.158332,5.267342,-7.166028,0.11719253382731959,0.12850012,2273.8241550802245,2364.0623158951375,4381.340860583118
q029.wav,Q029,Quezon,-161.5009,89.09325,-9.993466,9.642037,4.4678288,-15.750291,-14.8002825,-7.5428286,-0.4908363,9.171649,-2.2862234,5.7080445,-10.777598,0.10812669836956522,0.14221671,2359.13052782104,2452.7970559971855,4571.405400815217
q030.wav,Q030,Quezon,-159.65746,93.99834,-9.373174,13.269452,7.172106,-23.396782,-22.987524,-15.423457,-3.6524065,0.18325071,-8.124483,3.5570064,-11.510478,0.08954987702546297,0.14611451,2157.7202098825314,2391.098914427265,4171.260579427083
q031.wav,Q031,Quezon,-161.41147,86.0357,-6.8040814,13.200281,-4.5635476,-24.288975,-9.620922,-13.868754,-9.096543,0.07201925,-3.8013806,-0.22805522,-14.116304,0.11578801673228346,0.15569471,2452.695376170959,2431.808531917669,4797.665477362205
q032.wav,Q032,Quezon,-181.32512,112.10498,-1.6790475,14.450688,-0.06797845,-15.156372,-6.650939,-4.1507373,-1.9901689,2.1400683,4.563256,2.7210464,-10.737708,0.08015223911830358,0.14474915,1892.1073895203342,2234.2307841290567,3825.4119873046875
q033.wav,Q033,Quezon,-206.62424,84.283295,29.054502,43.37228,12.813448,-9.276831,2.5849018,2.7224202,1.2794551,-0.54996884,-1.9040833,9.950934,-6.3157206,0.09366672722868218,0.14414264,2213.5908599225845,2489.7515747313028,4433.419444949128
q034.wav,Q034,Quezon,-167.63556,96.38894,-1.7212199,14.671365,-0.7039987,-20.320065,-15.199504,-5.8286877,-6.045815,0.82301885,1.970868,1.5081564,-8.368461,0.09888329443993507,0.14261198,2116.048748072835,2345.268332599639,4127.663352272727
q035.wav,Q035,Quezon,-164.57079,94.23598,6.8195534,20.91842,13.824263,-8.857599,-4.5028834,-1.1877905,0.55855006,2.7012508,4.3501916,7.836084,-7.3854623,0.11291908112582781,0.1509404,2329.252528458654,2490.915921828832,4557.053238824504
q036.wav,Q036,Quezon,-148.09824,108.74814,-11.235767,7.24436,8.420472,-14.453542,-16.27965,-3.2250838,0.50980544,1.1788507,5.949991,6.2974114,-14.758787,0.08274792086693548,0.14714386,1976.13596569185,2266.456801657193,3740.5257686491937
q037.wav,Q037,Quezon,-175.62358,109.99818,15.189742,31.345453,19.309399,-9.356482,-3.6141477,1.4217612,2.1552396,-0.7102842,5.5389094,10.56681,-5.968055,0.05709591427364865,0.1406836,1731.182613824816,2338.6233139594538,3609.3576792124154
q038.wav,Q038,Quezon,-128.24747,102.94938,-20.242598,4.182891,6.0282006,-12.720189,-8.205769,-10.209025,-4.5316873,-1.5417019,2.0233715,8.731022,-13.102211,0.07618894777097902,0.16201693,1959.00873574929,2264.538484203077,3737.893015187937
q039.wav,Q039,Quezon,-163.675,97.2206,4.0933356,22.787577,14.813675,-15.242459,-9.2701,-14.237782,-3.8814933,-9.435223,-3.4017503,9.467318,-8.239632,0.09124348958333334,0.16654775,2075.914590810856,2402.708925421081,4082.760564630682
q040.wav,Q040,Quezon,-169.40274,114.67856,9.789783,27.114534,17.339874,-8.319296,4.780103,-2.9906554,-1.6244613,-1.6880051,-0.04750497,15.706213,1.0804977,0.06911670918367346,0.16969816,1744.7054973904546,2261.6718388268437,3520.458984375
q041.wav,Q041,Quezon,-145.36809,134.24455,-9.746977,3.4860528,5.245435,-9.655118,-5.685009,-4.3317695,-1.3507738,4.430156,2.6417825,14.8559265,-4.0692253,0.06314738412921349,0.16469054,1611.577103923572,2018.1077329505936,3064.1264154669943
r001.WAV,R001,Rizal,-368.2455,127.9894,40.559975,30.659195,-11.490534,-24.428177,-9.866858,-1.3969631,-12.289652,-8.85582,-12.008359,-12.645879,-19.89175,0.0348388671875,0.09861629,953.1161441661823,1503.8728715428788,1736.9219970703125
r002.WAV,R002,Rizal,-317.8364,89.46219,-51.65875,26.325407,2.704035,-3.1127048,-17.002157,-10.756014,-19.24579,23.836992,-27.090536,2.060165,-3.9101908,0.11186667049632353,0.060214464,1917.5026774509456,1613.7034169661008,3416.3376752068016
r003.WAV,R003,Rizal,-352.5723,123.230896,-44.28519,-1.8187115,-4.650307,-24.841618,-11.554818,-11.387449,-24.423399,5.8403416,-17.156326,6.604844,1.1625981,0.07766027617872807,0.04577644,1475.7800438709128,1531.4118998897422,2681.6865619860196
r004.WAV,R004,Rizal,-269.68024,112.498375,-14.458358,22.344639,-17.365353,-29.058388,10.966122,-18.923586,-18.235601,0.6345093,-14.322675,-1.470436,-16.67241,0.07946640186095505,0.09740809,1666.4782241438143,1841.6266920065018,3305.104733584972
r005.WAV,R005,Rizal,-358.6334,128.87984,22.881132,30.272612,-3.05988,-20.302576,5.8064337,-9.542824,-12.321069,-3.6790493,-10.660384,-5.788659,-18.268034,0.02799825465425532,0.073963754,910.628608400484,1528.647545705897,1566.884142287234
r006.wav,R006,Rizal,-364.9795,173.74106,-0.7244579,7.7200627,2.0422015,4.0885997,-3.4682543,-10.114221,-20.59696,-4.5634065,-6.5370173,-14.902673,9.020416,0.044717909414556965,0.063047916,842.0590284176949,1022.3914443578955,1301.3959281052216
r007.WAV,R007,Rizal,-278.25946,110.03752,-28.02247,28.272848,-7.6986847,-22.30447,1.6972567,-27.803408,-17.120987,-6.271035,-14.019324,-5.202721,-19.186417,0.07853970462328767,0.073612526,1720.4434981727916,1897.4410684773297,3518.835114779538
r008.WAV,R008,Rizal,-360.7876,104.35933,-22.650013,18.424944,-6.104597,-13.052852,10.512616,-15.904406,-9.475111,0.28107217,-7.650722,-1.9105258,-15.261387,0.08449052019817073,0.07307432,1909.2317204269461,1997.8758547451966,3939.7883717606705
r009.WAV,R009,Rizal,-264.1969,92.14428,-67.5388,14.019116,-4.796426,-34.370068,-12.178195,-14.051593,-20.970345,12.380483,-15.848092,-2.293347,-3.6984937,0.11663079717356688,0.075290896,1935.5204395762612,1603.505821290958,3401.9032083499205
r010.wav,R010,Rizal,-409.7377,164.33401,13.694334,25.373238,-8.239313,3.1299567,-3.242045,-4.346384,-15.262619,-1.6293163,-6.5842924,-16.165255,-0.012562975,0.03808145785550459,0.036651827,817.2785620209544,1171.1756441688651,1303.2526698681193
r011.WAV,R011,Rizal,-339.12158,114.48253,-1.6803302,25.732725,-4.9351306,-22.729599,6.303327,-14.271175,-17.511562,-9.604781,-15.04308,-4.7996483,-13.70931,0.0657174824089404,0.07671483,1440.782898612644,1800.500968542926,2790.760166597682
r012.WAV,R012,Rizal,-282.29993,45.605633,-21.548616,4.9892693,-12.994178,-10.679154,-18.62674,1.3462896,-21.65312,4.6553664,-18.895666,-2.6457736,0.7861776,0.1285067471590909,0.06984245,2408.1638307099547,2260.324871172244,4630.046497691761
r013.WAV,R013,Rizal,-343.3584,25.221582,-48.49475,-14.013454,-21.26602,-28.225895,-25.489435,-28.758055,-35.992264,-4.001369,-35.4687,1.4892467,-15.70304,0.1387952867445055,0.038389906,2636.021915652083,2230.7679804594777,4791.196852463942
r014.WAV,R014,Rizal,-331.50876,77.56245,12.426062,32.40765,-1.2023344,-17.536108,5.7680893,-12.360968,-11.360599,-9.458207,-16.721645,-2.585836,-19.727266,0.11231788429054054,0.08327369,2042.1011329032779,2051.3934022145945,3626.2108055320946
r015.wav,R015,Rizal,-423.7728,175.34067,3.6922846,21.77759,7.368408,16.26473,-6.881219,-3.8573625,-11.041249,-8.489129,-0.26590633,-16.5216,-2.7017121,0.038330078125,0.02749403,820.9562425786053,1117.7813726808863,1453.0426025390625
r016.WAV,R016,Rizal,-335.63358,105.956924,-10.985015,21.205801,-7.1489205,-17.774767,2.717744,-17.421343,-12.185042,-5.727889,-11.806097,-3.0979018,-17.562408,0.08263644366197183,0.07278579,1703.1452790054934,1918.6222619769053,3383.442451584507
r017.WAV,R017,Rizal,-299.13785,115.45174,-14.268596,10.747903,-13.179509,-24.369553,1.6999295,-17.368433,-22.628412,-12.453519,-17.355864,-4.280011,-20.372158,0.07707248263888888,0.07755853,1554.3426566536498,1844.0896074938294,2928.1806640625
r018.WAV,R018,Rizal,-319.75418,122.321106,-14.546156,23.229492,-9.856063,-21.503603,9.8869,-13.944343,-18.932585,-8.526023,-14.41032,-2.6259806,-15.623618,0.05992617849576271,0.060005285,1460.6967506117817,1776.9428763699962,2876.2033236228813
r019.wav,R019,Rizal,-422.11438,168.98021,9.836317,23.11263,-14.170143,7.9003606,-2.2023368,0.11611015,-10.2027235,-3.9961073,-2.0454237,-12.428618,3.017668,0.0404633068647541,0.02308576,880.5801590679515,1252.639133518197,1421.014904585041
r020.WAV,R020,Rizal,-282.01202,111.34717,4.2815084,27.036013,-8.825473,-27.492115,9.694276,-18.18371,-25.473455,-7.76868,-21.002258,-8.154962,-19.434341,0.06836779364224138,0.11201143,1505.360551421972,1872.4251036078845,2883.7785391971984
r021.WAV,R021,Rizal,-384.5442,106.45233,2.4031975,11.98181,13.096404,-8.216196,-0.6375329,-0.37921372,-18.352291,-0.27941307,-14.172158,-0.27566874,-0.5866776,0.05191970254010695,0.04472552,1231.8567386804639,1727.4550138182576,2035.5210248161766
r022.WAV,R022,Rizal,-372.47098,68.280136,-12.538161,-0.7769375,-9.878715,-15.237539,8.268535,-1.4070307,-23.397663,6.56701,-17.316042,-2.208108,-7.557168,0.0897058385019084,0.046406396,1792.575199730637,2145.786952069641,3337.8930477695612
r023.WAV,R023,Rizal,-311.03653,124.20204,-2.9715805,23.78076,-18.02938,-29.100662,18.022673,-15.241806,-15.562792,-11.777519,-12.738818,-1.4351504,-15.434854,0.07008844020562771,0.09737168,1449.3570931060613,1799.973460366204,2939.2356178977275
r024.WAV,R024,Rizal,-273.56824,107.531075,-23.062746,32.828316,-11.25097,-21.998411,7.001881,-27.504686,-10.978053,-8.511017,-11.820644,-2.128577,-18.139086,0.0745273166232639,0.08198251,1732.0486351016643,1887.9098582174,3429.8355102539062
r025.WAV,R025,Rizal,-286.54602,122.0064,-24.696104,28.952045,-19.853783,-33.007484,13.101385,-22.694841,-15.000735,-11.325086,-18.225306,3.7161276,-18.368456,0.06400174872819768,0.08424232,1515.7205058163133,1762.0862759785234,3041.8153274890988
r026.WAV,R026,Rizal,-272.43585,49.550735,-19.087692,12.982927,-5.304272,-20.17083,-2.801141,-7.993461,-19.89781,16.496246,-15.126661,-2.974215,-12.362317,0.1342144590435606,0.079629846,2506.2977764551524,2226.6440246205493,4343.671209161932
r027.WAV,R027,Rizal,-361.64166,145.0261,-13.216534,1.9821571,5.490078,-27.216888,-6.258232,-5.4132376,-19.073397,-0.42173833,-14.104463,-8.028578,0.05731101,0.06241288879107981,0.04355787,1209.4858240012397,1489.5918628769816,2135.7803559639083
r028.WAV,R028,Rizal,-240.11148,121.97056,-7.0039573,24.030588,-21.050058,-18.212635,10.985605,-16.104744,-19.001953,-4.298231,-13.387903,-0.79763734,-18.644033,0.059814453125,0.113758065,1452.0231396089812,1756.3284590535395,2959.3303811961205
r029.WAV,R029,Rizal,-286.3879,129.36597,-25.396965,22.336237,-20.315668,-11.517008,19.783916,-20.3839,-5.6891985,-4.292107,-0.22021525,-1.0069593,-21.70788,0.05918817934782609,0.11111183,1529.8461170980331,1816.7607162777738,3257.755180027174
r030.WAV,R030,Rizal,-369.63983,77.61022,3.98054,27.922125,2.8157501,-3.720216,2.4242918,-10.122055,-4.522486,-3.6028502,-2.1188917,-0.89136153,-10.645331,0.12478715945512821,0.07188124,2387.786292387013,2211.141001613113,4628.1203049879805
r031.WAV,R031,Rizal,-256.98608,105.41179,-1.6297537,34.79505,0.12373675,-26.142616,7.8402762,-17.108482,-16.058702,-5.1781583,-16.862988,-4.8085794,-17.863016,0.05732979910714286,0.12812819,1548.0848647957341,1922.4849293415261,3038.9501953125
r032.WAV,R032,Rizal,-318.42825,110.60954,6.8679085,16.61516,-15.058624,-25.678568,7.853773,-13.154092,-26.059072,-8.5189295,-16.238855,-6.080626,-16.725355,0.05918359375,0.08543031,1431.098962190412,1957.0296440444881,2904.1400390625
